Date,Day,Fruit,Type,HS Files,Fruit ID,Abs Ethylene,Shelf Life Label,Remaining Life,Skip
03-Mar,1,Avocado,Organic,"1590, 1591",0,0,Unripe,100%,no
03-Mar,1,Avocado,Organic,"1592, 1593",1,0,Unripe,100%,no
03-Mar,1,Avocado,Organic,"1594, 1595",2,0,Unripe,100%,no
03-Mar,1,Avocado,Organic,"1596, 1597",3,0,Unripe,100%,no
03-Mar,1,Avocado,Organic,"1598, 1599",4,0,Unripe,100%,no
03-Mar,1,Avocado,Organic,"1600, 1601",5,0,Unripe,100%,no
03-Mar,1,Pear,Bartlett,"1604, 1605",6,0,Unripe,100%,no
03-Mar,1,Pear,Bartlett,"1606, 1607",7,0,Unripe,100%,no
03-Mar,1,Pear,Bartlett,"1608, 1609",8,0,Unripe,100%,no
03-Mar,1,Pear,Bartlett,"1610, 1611",9,0,Unripe,100%,no
03-Mar,1,Pear,Bartlett,"1612, 1613",10,0,Unripe,100%,no
03-Mar,1,Banana,Ecuador,"1614, 1615",11,0,Unripe,100%,no
03-Mar,1,Banana,Ecuador,"1616, 1617",12,0,Unripe,100%,no
03-Mar,1,Banana,Ecuador,"1618, 1619",13,0,Unripe,100%,no
03-Mar,1,Banana,Ecuador,"1620, 1621",14,0,Unripe,100%,no
03-Mar,1,Banana,Ecuador,"1622, 1623",15,0,Unripe,100%,no
03-Mar,1,Banana,Ecuador,"1624, 1625",16,0,Unripe,100%,no
03-Mar,1,Banana,Ecuador,"1626, 1627",17,0,Unripe,100%,no
03-Mar,1,Banana,Ecuador,"1628, 1629",18,0,Unripe,100%,no
04-Mar,2,Avocado,Organic,"1630, 1631",0,1,Unripe,80%,no
04-Mar,2,Avocado,Organic,"1632, 1633",1,1,Unripe,80%,no
04-Mar,2,Avocado,Organic,"1634, 1635",2,0,Unripe,80%,no
04-Mar,2,Avocado,Organic,"1636, 1637",3,1,Unripe,80%,no
04-Mar,2,Avocado,Organic,"1638, 1639",4,0,Unripe,80%,no
04-Mar,2,Avocado,Organic,"1640, 1641",5,0,Unripe,80%,no
04-Mar,2,Pear,Bartlett,"1642, 1643",6,3,Unripe,90%,no
04-Mar,2,Pear,Bartlett,"1644, 1645",7,3,Unripe,90%,no
04-Mar,2,Pear,Bartlett,"1646, 1647",8,4,Unripe,90%,no
04-Mar,2,Pear,Bartlett,"1648, 1649",9,3,Unripe,90%,no
04-Mar,2,Pear,Bartlett,"1650, 1651",10,4,Unripe,90%,no
04-Mar,2,Banana,Ecuador,"1652, 1653",11,3,Ripe,70%,no
04-Mar,2,Banana,Ecuador,"1654, 1655",12,3,Ripe,70%,no
04-Mar,2,Banana,Ecuador,"1656, 1657",13,3,Ripe,70%,no
04-Mar,2,Banana,Ecuador,"1658, 1659",14,3,Ripe,70%,no
04-Mar,2,Banana,Ecuador,"1660, 1661",15,3,Ripe,70%,no
04-Mar,2,Banana,Ecuador,"1662, 1663",16,3,Ripe,70%,no
04-Mar,2,Banana,Ecuador,"1664, 1665",17,3,Ripe,70%,no
04-Mar,2,Banana,Ecuador,"1665, 1666",18,3,Ripe,70%,no
05-Mar,3,Avocado,Organic,"1668, 1669",0,2,Unripe,70%,no
05-Mar,3,Avocado,Organic,"1670, 1671",1,1,Unripe,70%,no
05-Mar,3,Avocado,Organic,"1672, 1673",2,1,Unripe,70%,no
05-Mar,3,Avocado,Organic,"1674, 1675",3,1,Unripe,70%,no
05-Mar,3,Avocado,Organic,"1676, 1677",4,2,Unripe,70%,no
05-Mar,3,Avocado,Organic,"1678, 1679",5,1,Unripe,70%,no
05-Mar,3,Pear,Bartlett,"1680, 1681",6,4,Unripe,80%,no
05-Mar,3,Pear,Bartlett,"1682, 1683",7,3,Unripe,80%,no
05-Mar,3,Pear,Bartlett,"1684, 1685",8,4,Unripe,80%,no
05-Mar,3,Pear,Bartlett,"1686, 1687",9,5,Unripe,80%,no
05-Mar,3,Pear,Bartlett,"1688, 1689",10,3,Unripe,80%,no
05-Mar,3,Banana,Ecuador,"1690, 1691",11,5,Ripe,40%,no
05-Mar,3,Banana,Ecuador,"1692, 1693",12,5,Ripe,40%,no
05-Mar,3,Banana,Ecuador,"1694, 1695",13,5,Ripe,40%,no
05-Mar,3,Banana,Ecuador,"1696, 1697",14,6,Ripe,40%,no
05-Mar,3,Banana,Ecuador,"1698, 1699",15,5,Ripe,40%,no
05-Mar,3,Banana,Ecuador,"1700, 1701",16,4,Ripe,40%,no
05-Mar,3,Banana,Ecuador,"1702, 1703",17,6,Ripe,40%,no
05-Mar,3,Banana,Ecuador,"1704, 1705",18,5,Ripe,40%,no
06-Mar,4,Avocado,Organic,"1706, 1707",0,2,Unripe,60%,no
06-Mar,4,Avocado,Organic,"1708, 1709",1,2,Unripe,60%,no
06-Mar,4,Avocado,Organic,"1710, 1711",2,1,Unripe,60%,no
06-Mar,4,Avocado,Organic,"1712, 1713",3,1,Unripe,60%,no
06-Mar,4,Avocado,Organic,"1714, 1715",4,2,Unripe,60%,no
06-Mar,4,Avocado,Organic,"1716, 1717",5,1,Unripe,60%,no
06-Mar,4,Pear,Bartlett,"1718, 1719",6,5,Unripe,70%,no
06-Mar,4,Pear,Bartlett,"1720, 1721",7,4,Unripe,70%,no
06-Mar,4,Pear,Bartlett,"1722, 1723",8,6,Unripe,70%,no
06-Mar,4,Pear,Bartlett,"1724, 1725",9,6,Unripe,70%,no
06-Mar,4,Pear,Bartlett,"1726, 1727",10,4,Unripe,70%,no
06-Mar,4,Banana,Ecuador,"1728, 1729",11,4,Ripe,10%,no
06-Mar,4,Banana,Ecuador,"1730, 1731",12,5,Ripe,10%,no
06-Mar,4,Banana,Ecuador,"1732, 1733",13,5,Ripe,10%,no
06-Mar,4,Banana,Ecuador,"1734, 1735",14,4,Ripe,10%,no
06-Mar,4,Banana,Ecuador,"1736, 1737",15,5,Ripe,10%,no
06-Mar,4,Banana,Ecuador,"1738, 1739",16,4,Ripe,10%,no
06-Mar,4,Banana,Ecuador,"1740, 1741",17,3,Ripe,10%,no
06-Mar,4,Banana,Ecuador,"1742, 1743",18,4,Ripe,10%,no
07-Mar,5,Avocado,Organic,"1744, 1745",0,2,Unripe,50%,no
07-Mar,5,Avocado,Organic,"1746, 1747",1,2,Unripe,50%,no
07-Mar,5,Avocado,Organic,"1748, 1749",2,2,Unripe,50%,no
07-Mar,5,Avocado,Organic,"1750, 1751",3,2,Unripe,50%,no
07-Mar,5,Avocado,Organic,"1752, 1753",4,3,Ripe,50%,no
07-Mar,5,Avocado,Organic,"1754, 1755",5,1,Unripe,50%,no
07-Mar,5,Pear,Bartlett,"1756, 1757",6,4,Unripe,60%,no
07-Mar,5,Pear,Bartlett,"1758, 1759",7,5,Unripe,60%,no
07-Mar,5,Pear,Bartlett,"1760, 1761",8,4,Unripe,60%,no
07-Mar,5,Pear,Bartlett,"1762, 1763",9,4,Unripe,60%,no
07-Mar,5,Pear,Bartlett,"1764, 1765",10,4,Unripe,60%,no
07-Mar,5,Banana,Ecuador,"1766, 1767",11,3,Expired,0%,no
07-Mar,5,Banana,Ecuador,"1768, 1769",12,2,Expired,0%,no
07-Mar,5,Banana,Ecuador,"1770, 1771",13,3,Expired,0%,no
07-Mar,5,Banana,Ecuador,"1772, 1773",14,2,Expired,0%,no
07-Mar,5,Banana,Ecuador,"1774, 1775",15,2,Expired,0%,no
07-Mar,5,Banana,Ecuador,"1776, 1777",16,3,Expired,0%,no
07-Mar,5,Banana,Ecuador,"1778, 1779",17,2,Expired,0%,no
07-Mar,5,Banana,Ecuador,"1780, 1781",18,4,Expired,0%,no
08-Mar,6,Avocado,Organic,"1782, 1783",0,4,Ripe,40%,no
08-Mar,6,Avocado,Organic,"1784, 1785",1,5,Ripe,40%,no
08-Mar,6,Avocado,Organic,"1786, 1787",2,6,Ripe,40%,no
08-Mar,6,Avocado,Organic,"1788, 1789",3,4,Ripe,40%,no
08-Mar,6,Avocado,Organic,"1790, 1791",4,3,Ripe,40%,no
08-Mar,6,Avocado,Organic,"1792, 1793",5,4,Ripe,40%,no
08-Mar,6,Pear,Bartlett,"1794, 1795",6,10,Ripe,50%,no
08-Mar,6,Pear,Bartlett,"1796, 1797",7,7,Ripe,50%,no
08-Mar,6,Pear,Bartlett,"1798, 1799",8,8,Ripe,50%,no
08-Mar,6,Pear,Bartlett,"1800, 1801",9,5,Ripe,50%,no
08-Mar,6,Pear,Bartlett,"1802, 1803",10,5,Ripe,50%,no
08-Mar,6,Banana,Ecuador,"1804, 1805",11,2,Expired,0%,yes
08-Mar,6,Banana,Ecuador,"1806, 1807",12,2,Expired,0%,yes
08-Mar,6,Banana,Ecuador,"1808, 1809",13,2,Expired,0%,yes
08-Mar,6,Banana,Ecuador,"1810, 1811",14,3,Expired,0%,yes
08-Mar,6,Banana,Ecuador,"1812, 1813",15,2,Expired,0%,yes
08-Mar,6,Banana,Ecuador,"1814, 1815",16,2,Expired,0%,yes
08-Mar,6,Banana,Ecuador,"1816, 1817",17,3,Expired,0%,yes
08-Mar,6,Banana,Ecuador,"1818, 1819",18,4,Expired,0%,yes
09-Mar,7,Avocado,Organic,"1820, 1821",0,5,Ripe,30%,no
09-Mar,7,Avocado,Organic,"1822, 1823",1,5,Ripe,30%,no
09-Mar,7,Avocado,Organic,"1824, 1825",2,5,Ripe,30%,no
09-Mar,7,Avocado,Organic,"1826, 1827",3,4,Ripe,30%,no
09-Mar,7,Avocado,Organic,"1828, 1829",4,4,Ripe,30%,no
09-Mar,7,Avocado,Organic,"1830, 1831",5,4,Ripe,30%,no
09-Mar,7,Pear,Bartlett,"1832, 1833",6,16,Ripe,40%,no
09-Mar,7,Pear,Bartlett,"1834, 1835",7,19,Ripe,40%,no
09-Mar,7,Pear,Bartlett,"1836, 1837",8,21,Ripe,40%,no
09-Mar,7,Pear,Bartlett,"1838, 1839",9,17,Ripe,40%,no
09-Mar,7,Pear,Bartlett,"1840, 1841",10,17,Ripe,40%,no
09-Mar,7,Banana,Ecuador,"1842, 1843",11,2,Expired,0%,no
09-Mar,7,Banana,Ecuador,"1844, 1845",12,2,Expired,0%,no
09-Mar,7,Banana,Ecuador,"1846, 1847",13,1,Expired,0%,no
09-Mar,7,Banana,Ecuador,"1848, 1849",14,2,Expired,0%,no
09-Mar,7,Banana,Ecuador,"1850, 1851",15,0,Expired,0%,no
09-Mar,7,Banana,Ecuador,"1852, 1853",16,2,Expired,0%,no
09-Mar,7,Banana,Ecuador,"1854, 1855",17,2,Expired,0%,no
09-Mar,7,Banana,Ecuador,"1856, 1857",18,0,Expired,0%,no
10-Mar,8,Avocado,Organic,"1858, 1859",0,4,Ripe,20%,no
10-Mar,8,Avocado,Organic,"1860, 1861",1,4,Ripe,20%,no
10-Mar,8,Avocado,Organic,"1862, 1863",2,4,Ripe,20%,no
10-Mar,8,Avocado,Organic,"1864, 1865",3,4,Ripe,20%,no
10-Mar,8,Avocado,Organic,"1866, 1867",4,4,Ripe,20%,no
10-Mar,8,Avocado,Organic,"1868, 1869",5,4,Ripe,20%,no
10-Mar,8,Pear,Bartlett,"1870, 1871",6,24,Ripe,30%,no
10-Mar,8,Pear,Bartlett,"1872, 1873",7,23,Ripe,30%,no
10-Mar,8,Pear,Bartlett,"1874, 1875",8,21,Ripe,30%,no
10-Mar,8,Pear,Bartlett,"1876, 1877",9,26,Ripe,30%,no
10-Mar,8,Pear,Bartlett,"1878, 1879",10,20,Ripe,30%,no
10-Mar,8,Banana,Ecuador,"1880, 1881",11,2,Expired,0%,yes
10-Mar,8,Banana,Ecuador,"1882, 1883",12,2,Expired,0%,yes
10-Mar,8,Banana,Ecuador,"1884, 1885",13,2,Expired,0%,yes
10-Mar,8,Banana,Ecuador,"1886, 1887",14,2,Expired,0%,yes
10-Mar,8,Banana,Ecuador,"1888, 1889",15,2,Expired,0%,yes
10-Mar,8,Banana,Ecuador,"1890, 1891",16,2,Expired,0%,yes
10-Mar,8,Banana,Ecuador,"1892, 1893",17,3,Expired,0%,yes
10-Mar,8,Banana,Ecuador,"1894, 1895",18,2,Expired,0%,yes
11-Mar,9,Avocado,Organic,"1896, 1897",0,3,Ripe,10%,no
11-Mar,9,Avocado,Organic,"1898, 1899",1,3,Ripe,10%,no
11-Mar,9,Avocado,Organic,"1900, 1901",2,3,Ripe,10%,no
11-Mar,9,Avocado,Organic,"1902, 1903",3,3,Ripe,10%,no
11-Mar,9,Avocado,Organic,"1904, 1905",4,3,Ripe,10%,no
11-Mar,9,Avocado,Organic,"1906, 1907",5,3,Ripe,10%,no
11-Mar,9,Pear,Bartlett,"1908, 1909",6,21,Ripe,20%,no
11-Mar,9,Pear,Bartlett,"1910, 1911",7,22,Ripe,20%,no
11-Mar,9,Pear,Bartlett,"1912, 1913",8,24,Ripe,20%,no
11-Mar,9,Pear,Bartlett,"1914, 1915",9,21,Expired,0%,no
11-Mar,9,Pear,Bartlett,"1916, 1917",10,23,Ripe,20%,no
11-Mar,9,Banana,Ecuador,"1918, 1919",11,2,Expired,0%,no
11-Mar,9,Banana,Ecuador,"1920, 1921",12,2,Expired,0%,no
11-Mar,9,Banana,Ecuador,"1922, 1923",13,3,Expired,0%,no
11-Mar,9,Banana,Ecuador,"1924, 1925",14,3,Expired,0%,no
11-Mar,9,Banana,Ecuador,"1926, 1927",15,2,Expired,0%,no
11-Mar,9,Banana,Ecuador,"1928, 1929",16,3,Expired,0%,no
11-Mar,9,Banana,Ecuador,"1930, 1931",17,3,Expired,0%,no
11-Mar,9,Banana,Ecuador,"1932, 1933",18,3,Expired,0%,no
12-Mar,10,Avocado,Organic,"1934, 1935",0,2,Expired,0%,no
12-Mar,10,Avocado,Organic,"1936, 1937",1,1,Expired,0%,no
12-Mar,10,Avocado,Organic,"1938, 1939",2,1,Expired,0%,no
12-Mar,10,Avocado,Organic,"1940, 1941",3,1,Expired,0%,no
12-Mar,10,Avocado,Organic,"1942, 1943",4,1,Expired,0%,no
12-Mar,10,Avocado,Organic,"1944, 1945",5,1,Expired,0%,no
12-Mar,10,Pear,Bartlett,"1946, 1947",6,13,Expired,0%,no
12-Mar,10,Pear,Bartlett,"1948, 1949",7,12,Expired,0%,no
12-Mar,10,Pear,Bartlett,"1950, 1951",8,20,Ripe,10%,no
12-Mar,10,Pear,Bartlett,"1952, 1953",9,14,Expired,0%,no
12-Mar,10,Pear,Bartlett,"1954, 1955",10,20,Ripe,10%,no
12-Mar,10,Banana,Ecuador,"1956, 1957",11,3,Expired,0%,yes
12-Mar,10,Banana,Ecuador,"1958, 1959",12,3,Expired,0%,yes
12-Mar,10,Banana,Ecuador,"1960, 1961",13,2,Expired,0%,yes
12-Mar,10,Banana,Ecuador,"1962, 1963",14,4,Expired,0%,yes
12-Mar,10,Banana,Ecuador,"1964, 1965",15,3,Expired,0%,yes
12-Mar,10,Banana,Ecuador,"1966, 1967",16,2,Expired,0%,yes
12-Mar,10,Banana,Ecuador,"1968, 1969",17,3,Expired,0%,yes
12-Mar,10,Banana,Ecuador,"1970, 1971",18,2,Expired,0%,yes
13-Mar,11,Avocado,Organic,"1972, 1973",0,1,Expired,0%,yes
13-Mar,11,Avocado,Organic,"1974, 1975",1,1,Expired,0%,yes
13-Mar,11,Avocado,Organic,"1976, 1977",2,1,Expired,0%,yes
13-Mar,11,Avocado,Organic,"1978, 1979",3,1,Expired,0%,yes
13-Mar,11,Avocado,Organic,"1980, 1981",4,1,Expired,0%,yes
13-Mar,11,Avocado,Organic,"1982, 1983",5,1,Expired,0%,yes
13-Mar,11,Pear,Bartlett,"1984, 1985",6,10,Expired,0%,no
13-Mar,11,Pear,Bartlett,"1986, 1987",7,9,Expired,0%,no
13-Mar,11,Pear,Bartlett,"1988, 1989",8,19,Ripe,10%,no
13-Mar,11,Pear,Bartlett,"1990, 1991",9,7,Expired,0%,no
13-Mar,11,Pear,Bartlett,"1992, 1993",10,19,Ripe,10%,no
13-Mar,11,Banana,Ecuador,"1994, 1995",11,2,Expired,0%,no
13-Mar,11,Banana,Ecuador,"1996, 1997",12,2,Expired,0%,no
13-Mar,11,Banana,Ecuador,"1998, 1999",13,2,Expired,0%,no
13-Mar,11,Banana,Ecuador,"2000, 2001",14,2,Expired,0%,no
13-Mar,11,Banana,Ecuador,"2002, 2003",15,2,Expired,0%,no
13-Mar,11,Banana,Ecuador,"2004, 2005",16,2,Expired,0%,no
13-Mar,11,Banana,Ecuador,"2006, 2007",17,2,Expired,0%,no
13-Mar,11,Banana,Ecuador,"2008, 2009",18,3,Expired,0%,no
14-Mar,12,Avocado,Organic,"2010, 2011",0,1,Expired,0%,no
14-Mar,12,Avocado,Organic,"2012, 2013",1,1,Expired,0%,no
14-Mar,12,Avocado,Organic,"2014, 2015",2,1,Expired,0%,no
14-Mar,12,Avocado,Organic,"2016, 2017",3,1,Expired,0%,no
14-Mar,12,Avocado,Organic,"2018, 2019",4,1,Expired,0%,no
14-Mar,12,Avocado,Organic,"2020, 2021",5,1,Expired,0%,no
14-Mar,12,Pear,Bartlett,"2022, 2023",6,7,Expired,0%,no
14-Mar,12,Pear,Bartlett,"2024, 2025",7,8,Expired,0%,no
14-Mar,12,Pear,Bartlett,"2026, 2027",8,11,Expired,0%,no
14-Mar,12,Pear,Bartlett,"2028, 2029",9,6,Expired,0%,no
14-Mar,12,Pear,Bartlett,"2030, 2031",10,10,Expired,0%,no
14-Mar,12,Banana,Ecuador,"2032, 2033",11,2,Expired,0%,yes
14-Mar,12,Banana,Ecuador,"2034, 2035",12,2,Expired,0%,yes
14-Mar,12,Banana,Ecuador,"2036, 2037",13,3,Expired,0%,yes
14-Mar,12,Banana,Ecuador,"2038, 2039",14,3,Expired,0%,yes
14-Mar,12,Banana,Ecuador,"2040, 2041",15,2,Expired,0%,yes
14-Mar,12,Banana,Ecuador,"2042, 2043",16,3,Expired,0%,yes
14-Mar,12,Banana,Ecuador,"2044, 2045",17,2,Expired,0%,yes
14-Mar,12,Banana,Ecuador,"2046, 2047",18,2,Expired,0%,yes
15-Mar,13,Avocado,Organic,"2048, 2049",0,1,Expired,0%,yes
15-Mar,13,Avocado,Organic,"2050, 2051",1,1,Expired,0%,yes
15-Mar,13,Avocado,Organic,"2052, 2053",2,1,Expired,0%,yes
15-Mar,13,Avocado,Organic,"2054, 2055",3,1,Expired,0%,yes
15-Mar,13,Avocado,Organic,"2056, 2057",4,1,Expired,0%,yes
15-Mar,13,Avocado,Organic,"2058, 2059",5,1,Expired,0%,yes
15-Mar,13,Pear,Bartlett,"2060, 2061",6,7,Expired,0%,no
15-Mar,13,Pear,Bartlett,"2062, 2063",7,7,Expired,0%,no
15-Mar,13,Pear,Bartlett,"2064, 2065",8,11,Expired,0%,no
15-Mar,13,Pear,Bartlett,"2066, 2067",9,7,Expired,0%,no
15-Mar,13,Pear,Bartlett,"2068, 2069",10,9,Expired,0%,no
15-Mar,13,Banana,Ecuador,"2070, 2071",11,3,Expired,0%,no
15-Mar,13,Banana,Ecuador,"2072, 2073",12,2,Expired,0%,no
15-Mar,13,Banana,Ecuador,"2074, 2075",13,2,Expired,0%,no
15-Mar,13,Banana,Ecuador,"2076, 2077",14,3,Expired,0%,no
15-Mar,13,Banana,Ecuador,"2078, 2079",15,3,Expired,0%,no
15-Mar,13,Banana,Ecuador,"2080, 2081",16,3,Expired,0%,no
15-Mar,13,Banana,Ecuador,"2082, 2083",17,4,Expired,0%,no
15-Mar,13,Banana,Ecuador,"2084, 2085",18,3,Expired,0%,no
16-Mar,14,Avocado,Organic,"2086, 2087",0,1,Expired,0%,no
16-Mar,14,Avocado,Organic,"2088, 2089",1,1,Expired,0%,no
16-Mar,14,Avocado,Organic,"2090, 2091",2,1,Expired,0%,no
16-Mar,14,Avocado,Organic,"2092, 2093",3,1,Expired,0%,no
16-Mar,14,Avocado,Organic,"2094, 2095",4,1,Expired,0%,no
16-Mar,14,Avocado,Organic,"2096, 2097",5,1,Expired,0%,no
16-Mar,14,Pear,Bartlett,"2098, 2099",6,6,Expired,0%,yes
16-Mar,14,Pear,Bartlett,"2100, 2101",7,7,Expired,0%,yes
16-Mar,14,Pear,Bartlett,"2102, 2103",8,9,Expired,0%,yes
16-Mar,14,Pear,Bartlett,"2104, 2105",9,6,Expired,0%,yes
16-Mar,14,Pear,Bartlett,"2106, 2107",10,9,Expired,0%,yes
16-Mar,14,Banana,Ecuador,"2108, 2109",11,2,Expired,0%,yes
16-Mar,14,Banana,Ecuador,"2110, 2111",12,4,Expired,0%,yes
16-Mar,14,Banana,Ecuador,"2112, 2113",13,4,Expired,0%,yes
16-Mar,14,Banana,Ecuador,"2114, 2115",14,5,Expired,0%,yes
16-Mar,14,Banana,Ecuador,"2116, 2117",15,5,Expired,0%,yes
16-Mar,14,Banana,Ecuador,"2118, 2119",16,5,Expired,0%,yes
16-Mar,14,Banana,Ecuador,"2120, 2121",17,4,Expired,0%,yes
16-Mar,14,Banana,Ecuador,"2122, 2123",18,2,Expired,0%,yes
17-Mar,15,Avocado,Organic,"2124, 2125",0,1,Expired,0%,yes
17-Mar,15,Avocado,Organic,"2126, 2127",1,1,Expired,0%,yes
17-Mar,15,Avocado,Organic,"2128, 2129",2,1,Expired,0%,yes
17-Mar,15,Avocado,Organic,"2130, 2131",3,1,Expired,0%,yes
17-Mar,15,Avocado,Organic,"2132, 2133",4,1,Expired,0%,yes
17-Mar,15,Avocado,Organic,"2134, 2135",5,2,Expired,0%,yes
17-Mar,15,Pear,Bartlett,"2136, 2137",6,8,Expired,0%,no
17-Mar,15,Pear,Bartlett,"2138, 2139",7,8,Expired,0%,no
17-Mar,15,Pear,Bartlett,"2140, 2141",8,10,Expired,0%,no
17-Mar,15,Pear,Bartlett,"2142, 2143",9,7,Expired,0%,no
17-Mar,15,Pear,Bartlett,"2144, 2145",10,9,Expired,0%,no
18-Mar,16,Avocado,Organic,"2146, 2147",0,1,Expired,0%,no
18-Mar,16,Avocado,Organic,"2148, 2149",1,0,Expired,0%,no
18-Mar,16,Avocado,Organic,"2150, 2151",2,1,Expired,0%,no
18-Mar,16,Avocado,Organic,"2152, 2153",3,1,Expired,0%,no
18-Mar,16,Avocado,Organic,"2154, 2155",4,0,Expired,0%,no
18-Mar,16,Avocado,Organic,"2156, 2157",5,2,Expired,0%,no
18-Mar,16,Pear,Bartlett,"2158, 2159",6,8,Expired,0%,yes
18-Mar,16,Pear,Bartlett,"2160, 2161",7,9,Expired,0%,yes
18-Mar,16,Pear,Bartlett,"2162, 2163",8,10,Expired,0%,yes
18-Mar,16,Pear,Bartlett,"2164, 2165",9,6,Expired,0%,yes
18-Mar,16,Pear,Bartlett,"2166, 2167",10,9,Expired,0%,yes
19-Mar,17,Avocado,Organic,"2168, 2169",0,1,Expired,0%,yes
19-Mar,17,Avocado,Organic,"2170, 2171",1,1,Expired,0%,yes
19-Mar,17,Avocado,Organic,"2172, 2173",2,1,Expired,0%,yes
19-Mar,17,Avocado,Organic,"2174, 2175",3,1,Expired,0%,yes
19-Mar,17,Avocado,Organic,"2176, 2177",4,1,Expired,0%,yes
19-Mar,17,Avocado,Organic,"2178, 2179",5,1,Expired,0%,yes
19-Mar,17,Pear,Bartlett,"2180, 2181",6,15,Expired,0%,no
19-Mar,17,Pear,Bartlett,"2182, 2183",7,6,Expired,0%,no
19-Mar,17,Pear,Bartlett,"2184, 2185",8,9,Expired,0%,no
19-Mar,17,Pear,Bartlett,"2186, 2187",9,6,Expired,0%,no
19-Mar,17,Pear,Bartlett,"2188, 2189",10,8,Expired,0%,no
20-Mar,18,Avocado,Organic,"2190, 2191",0,2,Expired,0%,no
20-Mar,18,Avocado,Organic,"2192, 2193",1,1,Expired,0%,no
20-Mar,18,Avocado,Organic,"2194, 2195",2,0,Expired,0%,no
20-Mar,18,Avocado,Organic,"2196, 2197",3,1,Expired,0%,no
20-Mar,18,Avocado,Organic,"2198, 2199",4,2,Expired,0%,no
20-Mar,18,Avocado,Organic,"2200, 2201",5,2,Expired,0%,no
20-Mar,18,Pear,Bartlett,"2202, 2203",6,15,Expired,0%,yes
20-Mar,18,Pear,Bartlett,"2204, 2205",7,5,Expired,0%,yes
20-Mar,18,Pear,Bartlett,"2206, 2207",8,3,Expired,0%,yes
20-Mar,18,Pear,Bartlett,"2208, 2209",9,5,Expired,0%,yes
20-Mar,18,Pear,Bartlett,"2210, 2211",10,4,Expired,0%,yes
21-Mar,19,Avocado,Organic,"2212, 2213",0,1,Expired,0%,yes
21-Mar,19,Avocado,Organic,"2214, 2215",1,1,Expired,0%,yes
21-Mar,19,Avocado,Organic,"2216, 2217",2,0,Expired,0%,yes
21-Mar,19,Avocado,Organic,"2218, 2219",3,1,Expired,0%,yes
21-Mar,19,Avocado,Organic,"2220, 2221",4,1,Expired,0%,yes
21-Mar,19,Avocado,Organic,"2222, 2223",5,1,Expired,0%,yes
21-Mar,19,Pear,Bartlett,"2224, 2225",6,15,Expired,0%,yes
21-Mar,19,Pear,Bartlett,"2226, 2227",7,8,Expired,0%,yes
21-Mar,19,Pear,Bartlett,"2228, 2229",8,8,Expired,0%,yes
21-Mar,19,Pear,Bartlett,"2230, 2231",9,3,Expired,0%,yes
21-Mar,19,Pear,Bartlett,"2232, 2233",10,6,Expired,0%,yes
22-Mar,20,Avocado,Organic,"2234, 2235",0,1,Expired,0%,no
22-Mar,20,Avocado,Organic,"2236, 2237",1,0,Expired,0%,no
22-Mar,20,Avocado,Organic,"2238, 2239",2,2,Expired,0%,no
22-Mar,20,Avocado,Organic,"2240, 2241",3,1,Expired,0%,no
22-Mar,20,Avocado,Organic,"2242, 2243",4,2,Expired,0%,no
22-Mar,20,Avocado,Organic,"2244, 2245",5,1,Expired,0%,no
22-Mar,20,Pear,Bartlett,"2246, 2247",6,10,Expired,0%,yes
22-Mar,20,Pear,Bartlett,"2248, 2249",7,5,Expired,0%,yes
22-Mar,20,Pear,Bartlett,"2250, 2251",8,4,Expired,0%,yes
22-Mar,20,Pear,Bartlett,"2252, 2253",9,5,Expired,0%,yes
22-Mar,20,Pear,Bartlett,"2254, 2255",10,5,Expired,0%,yes
23-Mar,21,Avocado,Organic,"2256, 2257",0,1,Expired,0%,yes
23-Mar,21,Avocado,Organic,"2258, 2259",1,0,Expired,0%,yes
23-Mar,21,Avocado,Organic,"2260, 2261",2,3,Expired,0%,yes
23-Mar,21,Avocado,Organic,"2262, 2263",3,2,Expired,0%,yes
23-Mar,21,Avocado,Organic,"2264, 2265",4,1,Expired,0%,yes
23-Mar,21,Avocado,Organic,"2266, 2267",5,1,Expired,0%,yes
23-Mar,21,Pear,Bartlett,"2268, 2269",6,23,Expired,0%,yes
23-Mar,21,Pear,Bartlett,"2270, 2271",7,8,Expired,0%,yes
23-Mar,21,Pear,Bartlett,"2272, 2273",8,5,Expired,0%,yes
23-Mar,21,Pear,Bartlett,"2274, 2275",9,4,Expired,0%,yes
23-Mar,21,Pear,Bartlett,"2276, 2277",10,5,Expired,0%,yes
24-Mar,22,Avocado,Organic,"2278, 2279",0,1,Expired,0%,yes
24-Mar,22,Avocado,Organic,"2280, 2281",1,1,Expired,0%,yes
24-Mar,22,Avocado,Organic,"2282, 2283",2,2,Expired,0%,yes
24-Mar,22,Avocado,Organic,"2284, 2285",3,1,Expired,0%,yes
24-Mar,22,Avocado,Organic,"2286, 2287",4,1,Expired,0%,yes
24-Mar,22,Avocado,Organic,"2288, 2289",5,1,Expired,0%,yes
25-Mar,23,Avocado,Organic,"2290, 2291",0,0,Expired,0%,yes
25-Mar,23,Avocado,Organic,"2292, 2293",1,2,Expired,0%,yes
25-Mar,23,Avocado,Organic,"2294, 2295",2,1,Expired,0%,yes
25-Mar,23,Avocado,Organic,"2296, 2297",3,2,Expired,0%,yes
25-Mar,23,Avocado,Organic,"2298, 2299",4,1,Expired,0%,yes
25-Mar,23,Avocado,Organic,"2300, 2301",5,2,Expired,0%,yes
26-Mar,24,Avocado,Organic,"2302, 2303",0,1,Expired,0%,yes
26-Mar,24,Avocado,Organic,"2304, 2305",1,1,Expired,0%,yes
26-Mar,24,Avocado,Organic,"2306, 2307",2,2,Expired,0%,yes
26-Mar,24,Avocado,Organic,"2308, 2309",3,1,Expired,0%,yes
26-Mar,24,Avocado,Organic,"2310, 2311",4,2,Expired,0%,yes
26-Mar,24,Avocado,Organic,"2312, 2313",5,2,Expired,0%,yes
27-Mar,25,Avocado,Organic,"2314, 2315",0,1,Expired,0%,yes
27-Mar,25,Avocado,Organic,"2316, 2317",1,1,Expired,0%,yes
27-Mar,25,Avocado,Organic,"2318, 2319",2,4,Expired,0%,yes
27-Mar,25,Avocado,Organic,"2320, 2321",3,2,Expired,0%,yes
27-Mar,25,Avocado,Organic,"2322, 2323",4,1,Expired,0%,yes
27-Mar,25,Avocado,Organic,"2324, 2325",5,2,Expired,0%,yes
14-Aug,1,Pear,Bosc,"476, 477",0,1,Unripe,100%,no
14-Aug,1,Pear,Bosc,"478, 479",1,0,Unripe,100%,no
14-Aug,1,Pear,Bosc,"474, 475",2,1,Unripe,100%,no
14-Aug,1,Pear,Bartlett,"480, 481",3,1,Unripe,100%,no
14-Aug,1,Pear,Bartlett,"482, 483",4,1,Unripe,100%,no
14-Aug,1,Pear,Bartlett,"484, 485",5,1,Unripe,100%,no
14-Aug,1,Pear,Bartlett,"486, 487",6,1,Unripe,100%,no
14-Aug,1,Avocado,Organic,"488, 489",7,2,Unripe,100%,no
14-Aug,1,Avocado,Organic,"490, 491",8,2,Unripe,100%,no
14-Aug,1,Avocado,Organic,"492, 493",9,1,Unripe,100%,no
14-Aug,1,Avocado,Organic,"494, 495",10,1,Unripe,100%,no
14-Aug,1,Avocado,Hass,"496, 497",11,1,Unripe,100%,no
14-Aug,1,Avocado,Hass,"498, 499",12,0,Unripe,100%,no
14-Aug,1,Avocado,Hass,"500, 501",13,1,Unripe,100%,no
15-Aug,2,Pear,Bosc,"502, 503",0,1,Unripe,100%,yes
15-Aug,2,Pear,Bosc,"504, 505",1,1,Unripe,100%,yes
15-Aug,2,Pear,Bosc,"506, 507",2,1,Unripe,100%,yes
15-Aug,2,Pear,Bartlett,"508, 509",3,2,Unripe,90%,no
15-Aug,2,Pear,Bartlett,"510, 511",4,4,Unripe,90%,no
15-Aug,2,Pear,Bartlett,"512, 513",5,2,Unripe,90%,no
15-Aug,2,Pear,Bartlett,"514, 515",6,2,Unripe,90%,no
15-Aug,2,Avocado,Organic,"516, 517",7,2,Unripe,80%,no
15-Aug,2,Avocado,Organic,"518, 519",8,2,Unripe,80%,no
15-Aug,2,Avocado,Organic,"520, 521",9,2,Unripe,80%,no
15-Aug,2,Avocado,Organic,"522, 523",10,2,Unripe,80%,no
15-Aug,2,Avocado,Hass,"524, 525",11,1,Unripe,90%,no
15-Aug,2,Avocado,Hass,"526, 527",12,1,Unripe,90%,no
15-Aug,2,Avocado,Hass,"528, 529",13,1,Unripe,90%,no
16-Aug,3,Pear,Bosc,"530, 531",0,1,Unripe,100%,no
16-Aug,3,Pear,Bosc,"532, 533",1,1,Unripe,100%,no
16-Aug,3,Pear,Bosc,"534, 535",2,2,Unripe,100%,no
16-Aug,3,Pear,Bartlett,"536, 537",3,4,Unripe,80%,no
16-Aug,3,Pear,Bartlett,"538, 539",4,4,Unripe,80%,no
16-Aug,3,Pear,Bartlett,"540, 541",5,3,Unripe,80%,no
16-Aug,3,Pear,Bartlett,"542, 543",6,3,Unripe,80%,no
16-Aug,3,Avocado,Organic,"544, 545",7,2,Unripe,70%,no
16-Aug,3,Avocado,Organic,"546, 547",8,2,Unripe,70%,no
16-Aug,3,Avocado,Organic,"548, 549",9,2,Unripe,70%,no
16-Aug,3,Avocado,Organic,"550, 551",10,2,Unripe,70%,no
16-Aug,3,Avocado,Hass,"552, 553",11,1,Unripe,90%,no
16-Aug,3,Avocado,Hass,"554, 555",12,1,Unripe,90%,no
16-Aug,3,Avocado,Hass,"556, 557",13,1,Unripe,90%,no
17-Aug,4,Pear,Bosc,"558, 559",0,1,Unripe,90%,yes
17-Aug,4,Pear,Bosc,"560, 561",1,0,Unripe,90%,yes
17-Aug,4,Pear,Bosc,"562, 563",2,0,Unripe,90%,yes
17-Aug,4,Pear,Bartlett,"564, 565",3,7,Unripe,70%,no
17-Aug,4,Pear,Bartlett,"566, 567",4,7,Unripe,70%,no
17-Aug,4,Pear,Bartlett,"568, 569",5,3,Unripe,70%,no
17-Aug,4,Pear,Bartlett,"570, 571",6,3,Unripe,70%,no
17-Aug,4,Avocado,Organic,"572, 573",7,2,Unripe,60%,no
17-Aug,4,Avocado,Organic,"574, 575",8,2,Unripe,60%,no
17-Aug,4,Avocado,Organic,"576, 577",9,3,Unripe,60%,no
17-Aug,4,Avocado,Organic,"578, 579",10,3,Ripe,60%,no
17-Aug,4,Avocado,Hass,"580, 581",11,1,Unripe,80%,no
17-Aug,4,Avocado,Hass,"582, 583",12,1,Unripe,80%,no
17-Aug,4,Avocado,Hass,"584, 585",13,1,Unripe,80%,no
18-Aug,5,Pear,Bosc,"586, 587",0,0,Unripe,90%,no
18-Aug,5,Pear,Bosc,"588, 589",1,0,Unripe,90%,no
18-Aug,5,Pear,Bosc,"590, 591",2,0,Unripe,90%,no
18-Aug,5,Pear,Bartlett,"592, 593",3,8,Unripe,60%,no
18-Aug,5,Pear,Bartlett,"594, 595",4,7,Unripe,60%,no
18-Aug,5,Pear,Bartlett,"596, 597",5,3,Unripe,60%,no
18-Aug,5,Pear,Bartlett,"598, 599",6,3,Unripe,60%,no
18-Aug,5,Avocado,Organic,"600, 601",7,2,Unripe,50%,no
18-Aug,5,Avocado,Organic,"602, 603",8,2,Unripe,50%,no
18-Aug,5,Avocado,Organic,"604, 605",9,3,Ripe,50%,no
18-Aug,5,Avocado,Organic,"606, 607",10,3,Ripe,50%,no
18-Aug,5,Avocado,Hass,"608, 609",11,1,Unripe,80%,no
18-Aug,5,Avocado,Hass,"610, 611",12,1,Unripe,80%,no
18-Aug,5,Avocado,Hass,"612, 613",13,1,Unripe,80%,no
19-Aug,6,Pear,Bosc,"614, 615",0,0,Unripe,90%,yes
19-Aug,6,Pear,Bosc,"616, 617",1,0,Unripe,90%,yes
19-Aug,6,Pear,Bosc,"618, 619",2,0,Unripe,90%,yes
19-Aug,6,Pear,Bartlett,"620, 621",3,15,Ripe,50%,no
19-Aug,6,Pear,Bartlett,"622, 623",4,12,Ripe,50%,no
19-Aug,6,Pear,Bartlett,"624, 625",5,4,Ripe,50%,no
19-Aug,6,Pear,Bartlett,"626, 627",6,4,Ripe,50%,no
19-Aug,6,Avocado,Organic,"628, 629",7,2,Unripe,40%,no
19-Aug,6,Avocado,Organic,"630, 631",8,3,Ripe,40%,no
19-Aug,6,Avocado,Organic,"632, 633",9,5,Ripe,40%,no
19-Aug,6,Avocado,Organic,"634, 635",10,5,Ripe,40%,no
19-Aug,6,Avocado,Hass,"636, 637",11,1,Unripe,70%,no
19-Aug,6,Avocado,Hass,"638, 639",12,1,Unripe,70%,no
19-Aug,6,Avocado,Hass,"640, 641",13,2,Ripe,70%,no
20-Aug,7,Pear,Bosc,"642, 643",0,1,Unripe,90%,no
20-Aug,7,Pear,Bosc,"644, 645",1,1,Unripe,90%,no
20-Aug,7,Pear,Bosc,"646, 647",2,1,Unripe,90%,no
20-Aug,7,Pear,Bartlett,"648, 649",3,20,Ripe,40%,no
20-Aug,7,Pear,Bartlett,"650, 651",4,16,Ripe,40%,no
20-Aug,7,Pear,Bartlett,"652, 653",5,19,Ripe,40%,no
20-Aug,7,Pear,Bartlett,"654, 655",6,19,Ripe,40%,no
20-Aug,7,Avocado,Organic,"656, 657",7,3,Ripe,30%,no
20-Aug,7,Avocado,Organic,"658, 659",8,5,Ripe,30%,no
20-Aug,7,Avocado,Organic,"660, 661",9,5,Ripe,30%,no
20-Aug,7,Avocado,Organic,"662, 663",10,5,Ripe,30%,no
20-Aug,7,Avocado,Hass,"664, 665",11,1,Ripe,60%,no
20-Aug,7,Avocado,Hass,"666, 667",12,1,Unripe,60%,no
20-Aug,7,Avocado,Hass,"668, 669",13,2,Ripe,60%,no
21-Aug,8,Pear,Bosc,"670, 671",0,0,Unripe,80%,yes
21-Aug,8,Pear,Bosc,"672, 673",1,0,Unripe,80%,yes
21-Aug,8,Pear,Bosc,"674, 675",2,0,Unripe,80%,yes
21-Aug,8,Pear,Bartlett,"676, 677",3,29,Ripe,30%,no
21-Aug,8,Pear,Bartlett,"678, 679",4,27,Ripe,30%,no
21-Aug,8,Pear,Bartlett,"680, 681",5,20,Ripe,30%,no
21-Aug,8,Pear,Bartlett,"682, 683",6,21,Ripe,30%,no
21-Aug,8,Avocado,Organic,"684, 685",7,4,Ripe,20%,no
21-Aug,8,Avocado,Organic,"686, 687",8,5,Ripe,20%,no
21-Aug,8,Avocado,Organic,"688, 689",9,4,Ripe,20%,no
21-Aug,8,Avocado,Organic,"690, 691",10,4,Ripe,20%,no
21-Aug,8,Avocado,Hass,"692, 693",11,1,Unripe,60%,no
21-Aug,8,Avocado,Hass,"694, 695",12,1,Unripe,60%,no
21-Aug,8,Avocado,Hass,"696, 697",13,3,Ripe,60%,no
22-Aug,9,Pear,Bosc,"698, 699",0,0,Unripe,80%,no
22-Aug,9,Pear,Bosc,"700, 701",1,0,Unripe,80%,no
22-Aug,9,Pear,Bosc,"702, 703",2,0,Unripe,80%,no
22-Aug,9,Pear,Bartlett,"704, 705",3,31,Ripe,20%,no
22-Aug,9,Pear,Bartlett,"706, 707",4,27,Ripe,20%,no
22-Aug,9,Pear,Bartlett,"708, 709",5,15,Ripe,20%,no
22-Aug,9,Pear,Bartlett,"710, 711",6,15,Ripe,20%,no
22-Aug,9,Avocado,Organic,"712, 713",7,6,Ripe,10%,no
22-Aug,9,Avocado,Organic,"714, 715",8,3,Expired,0%,no
22-Aug,9,Avocado,Organic,"716, 717",9,3,Expired,0%,no
22-Aug,9,Avocado,Organic,"718, 719",10,3,Ripe,10%,no
22-Aug,9,Avocado,Hass,"720, 721",11,3,Ripe,50%,no
22-Aug,9,Avocado,Hass,"722, 723",12,1,Unripe,50%,no
22-Aug,9,Avocado,Hass,"724, 725",13,4,Ripe,50%,no
23-Aug,10,Pear,Bosc,"726, 727",0,0,Unripe,80%,yes
23-Aug,10,Pear,Bosc,"728, 729",1,0,Unripe,80%,yes
23-Aug,10,Pear,Bosc,"730, 731",2,1,Unripe,80%,yes
23-Aug,10,Pear,Bartlett,"732, 733",3,25,Ripe,10%,no
23-Aug,10,Pear,Bartlett,"734, 735",4,22,Ripe,10%,no
23-Aug,10,Pear,Bartlett,"736, 737",5,10,Expired,0%,no
23-Aug,10,Pear,Bartlett,"738, 739",6,10,Expired,0%,no
23-Aug,10,Avocado,Organic,"740, 741",7,5,Ripe,0%,no
23-Aug,10,Avocado,Organic,"742, 743",8,2,Expired,0%,no
23-Aug,10,Avocado,Organic,"744, 745",9,2,Expired,0%,no
23-Aug,10,Avocado,Organic,"746, 747",10,2,Ripe,0%,no
23-Aug,10,Avocado,Hass,"748, 749",11,3,Ripe,50%,no
23-Aug,10,Avocado,Hass,"750, 751",12,2,Unripe,50%,no
23-Aug,10,Avocado,Hass,"752, 753",13,4,Ripe,50%,no
24-Aug,11,Pear,Bosc,"754, 755",0,0,Unripe,80%,no
24-Aug,11,Pear,Bosc,"756, 757",1,0,Unripe,80%,no
24-Aug,11,Pear,Bosc,"758, 759",2,0,Unripe,80%,no
24-Aug,11,Pear,Bartlett,"760, 761",3,22,Ripe,0%,no
24-Aug,11,Pear,Bartlett,"762, 763",4,18,Ripe,0%,no
24-Aug,11,Pear,Bartlett,"764, 765",5,8,Expired,0%,no
24-Aug,11,Pear,Bartlett,"766, 767",6,7,Expired,0%,no
24-Aug,11,Avocado,Organic,"768, 769",7,4,Ripe,0%,no
24-Aug,11,Avocado,Organic,"770, 771",8,2,Expired,0%,no
24-Aug,11,Avocado,Organic,"772, 773",9,2,Expired,0%,no
24-Aug,11,Avocado,Organic,"774, 775",10,2,Expired,0%,no
24-Aug,11,Avocado,Hass,"776, 777",11,4,Ripe,40%,no
24-Aug,11,Avocado,Hass,"778, 779",12,2,Unripe,40%,no
24-Aug,11,Avocado,Hass,"780, 781",13,4,Ripe,40%,no
25-Aug,12,Pear,Bosc,"782, 783",0,0,Unripe,70%,yes
25-Aug,12,Pear,Bosc,"784, 785",1,1,Unripe,70%,yes
25-Aug,12,Pear,Bosc,"786, 787",2,0,Unripe,70%,yes
25-Aug,12,Pear,Bartlett,"788, 789",3,18,Expired,0%,no
25-Aug,12,Pear,Bartlett,"790, 791",4,14,Expired,0%,no
25-Aug,12,Pear,Bartlett,"792, 793",5,7,Expired,0%,no
25-Aug,12,Pear,Bartlett,"794, 795",6,7,Expired,0%,no
25-Aug,12,Avocado,Organic,"796, 797",7,4,Expired,0%,no
25-Aug,12,Avocado,Organic,"798, 799",8,2,Expired,0%,no
25-Aug,12,Avocado,Organic,"800, 801",9,2,Expired,0%,no
25-Aug,12,Avocado,Organic,"802, 803",10,2,Expired,0%,no
25-Aug,12,Avocado,Hass,"804, 805",11,4,Ripe,40%,no
25-Aug,12,Avocado,Hass,"806, 807",12,2,Unripe,40%,no
25-Aug,12,Avocado,Hass,"808, 809",13,4,Ripe,40%,no
26-Aug,13,Pear,Bosc,"810, 811",0,0,Unripe,70%,no
26-Aug,13,Pear,Bosc,"812, 813",1,0,Unripe,70%,no
26-Aug,13,Pear,Bosc,"814, 815",2,0,Unripe,70%,no
26-Aug,13,Pear,Bartlett,"816, 817",3,15,Expired,0%,no
26-Aug,13,Pear,Bartlett,"818, 819",4,14,Expired,0%,no
26-Aug,13,Pear,Bartlett,"820, 821",5,7,Expired,0%,no
26-Aug,13,Pear,Bartlett,"822, 823",6,7,Expired,0%,no
26-Aug,13,Avocado,Organic,"824, 825",7,4,Expired,0%,no
26-Aug,13,Avocado,Organic,"826, 827",8,2,Expired,0%,no
26-Aug,13,Avocado,Organic,"828, 829",9,2,Expired,0%,no
26-Aug,13,Avocado,Organic,"830, 831",10,2,Expired,0%,no
26-Aug,13,Avocado,Hass,"832, 833",11,4,Ripe,30%,no
26-Aug,13,Avocado,Hass,"834, 835",12,7,Ripe,30%,no
26-Aug,13,Avocado,Hass,"836, 837",13,3,Ripe,30%,no
27-Aug,14,Pear,Bosc,"838, 839",0,0,Unripe,70%,yes
27-Aug,14,Pear,Bosc,"840, 841",1,0,Unripe,70%,yes
27-Aug,14,Pear,Bosc,"842, 843",2,0,Unripe,70%,yes
27-Aug,14,Pear,Bartlett,"844, 845",3,15,Expired,0%,no
27-Aug,14,Pear,Bartlett,"846, 847",4,14,Expired,0%,no
27-Aug,14,Pear,Bartlett,"848, 849",5,6,Expired,0%,no
27-Aug,14,Pear,Bartlett,"850, 851",6,8,Expired,0%,no
27-Aug,14,Avocado,Organic,"852, 853",7,3,Expired,0%,no
27-Aug,14,Avocado,Organic,"854, 855",8,3,Expired,0%,no
27-Aug,14,Avocado,Organic,"856, 857",9,2,Expired,0%,no
27-Aug,14,Avocado,Organic,"858, 859",10,2,Expired,0%,no
27-Aug,14,Avocado,Hass,"860, 861",11,6,Ripe,20%,no
27-Aug,14,Avocado,Hass,"862, 863",12,7,Ripe,20%,no
27-Aug,14,Avocado,Hass,"864, 865",13,3,Ripe,20%,no
28-Aug,15,Pear,Bosc,"866, 867",0,0,Unripe,70%,no
28-Aug,15,Pear,Bosc,"868, 869",1,0,Unripe,70%,no
28-Aug,15,Pear,Bosc,"870, 871",2,0,Unripe,70%,no
28-Aug,15,Pear,Bartlett,"872, 873",3,14,Expired,0%,no
28-Aug,15,Pear,Bartlett,"874, 875",4,12,Expired,0%,no
28-Aug,15,Pear,Bartlett,"876, 877",5,8,Expired,0%,no
28-Aug,15,Pear,Bartlett,"878, 879",6,9,Expired,0%,no
28-Aug,15,Avocado,Organic,"880, 881",7,3,Expired,0%,no
28-Aug,15,Avocado,Organic,"882, 883",8,2,Expired,0%,no
28-Aug,15,Avocado,Organic,"884, 885",9,2,Expired,0%,no
28-Aug,15,Avocado,Organic,"886, 887",10,2,Expired,0%,no
28-Aug,15,Avocado,Hass,"888, 889",11,6,Ripe,20%,no
28-Aug,15,Avocado,Hass,"890, 891",12,10,Ripe,20%,no
28-Aug,15,Avocado,Hass,"892, 893",13,3,Ripe,20%,no
29-Aug,16,Pear,Bosc,"894, 895",0,0,Unripe,60%,yes
29-Aug,16,Pear,Bosc,"896, 897",1,0,Unripe,60%,yes
29-Aug,16,Pear,Bosc,"898, 899",2,0,Unripe,60%,yes
29-Aug,16,Pear,Bartlett,"900, 901",3,14,Expired,0%,no
29-Aug,16,Pear,Bartlett,"902, 903",4,11,Expired,0%,no
29-Aug,16,Pear,Bartlett,"904, 905",5,8,Expired,0%,no
29-Aug,16,Pear,Bartlett,"906, 907",6,9,Expired,0%,no
29-Aug,16,Avocado,Organic,"908, 909",7,3,Expired,0%,no
29-Aug,16,Avocado,Organic,"910, 911",8,2,Expired,0%,no
29-Aug,16,Avocado,Organic,"912, 913",9,2,Expired,0%,no
29-Aug,16,Avocado,Organic,"914, 915",10,3,Expired,0%,no
29-Aug,16,Avocado,Hass,"916, 917",11,5,Ripe,10%,no
29-Aug,16,Avocado,Hass,"918, 919",12,9,Ripe,10%,no
29-Aug,16,Avocado,Hass,"920, 921",13,1,Expired,0%,no
30-Aug,17,Pear,Bosc,"923, 924",0,0,Unripe,60%,no
30-Aug,17,Pear,Bosc,"925, 926",1,0,Unripe,60%,no
30-Aug,17,Pear,Bosc,"927, 928",2,0,Unripe,60%,no
30-Aug,17,Pear,Bartlett,"929, 930",3,15,Expired,0%,no
30-Aug,17,Pear,Bartlett,"931, 932",4,11,Expired,0%,no
30-Aug,17,Pear,Bartlett,"933, 934",5,10,Expired,0%,no
30-Aug,17,Pear,Bartlett,"935, 936",6,8,Expired,0%,no
30-Aug,17,Avocado,Organic,"937, 938",7,3,Expired,0%,no
30-Aug,17,Avocado,Organic,"939, 940",8,2,Expired,0%,no
30-Aug,17,Avocado,Organic,"941, 942",9,3,Expired,0%,no
30-Aug,17,Avocado,Organic,"943, 944",10,2,Expired,0%,no
30-Aug,17,Avocado,Hass,"945, 946",11,4,Ripe,10%,no
30-Aug,17,Avocado,Hass,"947, 948",12,9,Ripe,10%,no
30-Aug,17,Avocado,Hass,"949, 950",13,1,Expired,0%,no
31-Aug,18,Pear,Bosc,"952, 953",0,0,Unripe,60%,yes
31-Aug,18,Pear,Bosc,"954, 955",1,0,Unripe,60%,yes
31-Aug,18,Pear,Bosc,"956, 957",2,0,Unripe,60%,yes
31-Aug,18,Avocado,Organic,"958, 959",7,3,Expired,0%,no
31-Aug,18,Avocado,Organic,"960, 961",8,3,Expired,0%,no
31-Aug,18,Avocado,Organic,"962, 963",9,2,Expired,0%,no
31-Aug,18,Avocado,Organic,"964, 965",10,2,Expired,0%,no
31-Aug,18,Avocado,Hass,"966, 967",11,4,Ripe,10%,no
31-Aug,18,Avocado,Hass,"968, 969",12,5,Ripe,10%,no
31-Aug,18,Avocado,Hass,"970, 971",13,1,Expired,0%,no
01-Sep,19,Pear,Bosc,"972, 973",0,0,Unripe,60%,no
01-Sep,19,Pear,Bosc,"974, 975",1,0,Unripe,60%,no
01-Sep,19,Pear,Bosc,"976, 977",2,0,Unripe,60%,no
01-Sep,19,Avocado,Organic,"978, 979",7,3,Expired,0%,no
01-Sep,19,Avocado,Organic,"980, 981",8,3,Expired,0%,no
01-Sep,19,Avocado,Organic,"982, 983",9,2,Expired,0%,no
01-Sep,19,Avocado,Organic,"984, 985",10,2,Expired,0%,no
01-Sep,19,Avocado,Hass,"986, 987",11,2,Ripe,10%,no
01-Sep,19,Avocado,Hass,"988, 989",12,4,Expired,0%,no
01-Sep,19,Avocado,Hass,"990, 991",13,1,Expired,0%,no
02-Sep,20,Pear,Bosc,"992, 993",0,0,Unripe,50%,yes
02-Sep,20,Pear,Bosc,"994, 995",1,0,Unripe,50%,yes
02-Sep,20,Pear,Bosc,"996, 997",2,0,Unripe,50%,yes
02-Sep,20,Avocado,Organic,"998, 999",7,3,Expired,0%,no
02-Sep,20,Avocado,Organic,"1000, 1001",8,2,Expired,0%,no
02-Sep,20,Avocado,Organic,"1002, 1003",9,3,Expired,0%,no
02-Sep,20,Avocado,Organic,"1004, 1005",10,3,Expired,0%,no
02-Sep,20,Avocado,Hass,"1006, 1007",11,2,Expired,0%,no
02-Sep,20,Avocado,Hass,"1008, 1009",12,4,Expired,0%,no
02-Sep,20,Avocado,Hass,"1010, 1011",13,1,Expired,0%,no
03-Sep,21,Pear,Bosc,"1012, 1013",0,0,Unripe,50%,no
03-Sep,21,Pear,Bosc,"1014, 1015",1,0,Unripe,50%,no
03-Sep,21,Pear,Bosc,"1016, 1017",2,0,Unripe,50%,no
03-Sep,21,Avocado,Hass,"1018, 1019",11,2,Expired,0%,no
03-Sep,21,Avocado,Hass,"1020, 1021",12,4,Expired,0%,no
03-Sep,21,Avocado,Hass,"1022, 1023",13,1,Expired,0%,no
04-Sep,22,Pear,Bosc,"1024, 1025",0,0,Unripe,50%,yes
04-Sep,22,Pear,Bosc,"1026, 1027",1,0,Unripe,50%,yes
04-Sep,22,Pear,Bosc,"1028, 1029",2,0,Unripe,50%,yes
04-Sep,22,Avocado,Hass,"1030, 1031",11,2,Expired,0%,no
04-Sep,22,Avocado,Hass,"1032, 1033",12,4,Expired,0%,no
04-Sep,22,Avocado,Hass,"1034, 1035",13,1,Expired,0%,no
05-Sep,23,Pear,Bosc,"1036, 1037",0,0,Unripe,50%,no
05-Sep,23,Pear,Bosc,"1038, 1039",1,0,Unripe,50%,no
05-Sep,23,Pear,Bosc,"1040, 1041",2,0,Unripe,50%,no
05-Sep,23,Avocado,Hass,"1042, 1043",11,2,Expired,0%,no
05-Sep,23,Avocado,Hass,"1044, 1045",12,3,Expired,0%,no
05-Sep,23,Avocado,Hass,"1046, 1047",13,1,Expired,0%,no
06-Sep,24,Pear,Bosc,"1048, 1049",0,0,Unripe,40%,yes
06-Sep,24,Pear,Bosc,"1050, 1051",1,0,Unripe,40%,yes
06-Sep,24,Pear,Bosc,"1052, 1053",2,0,Unripe,40%,yes
06-Sep,24,Avocado,Hass,"1054, 1055",11,1,Expired,0%,no
06-Sep,24,Avocado,Hass,"1056, 1057",12,3,Expired,0%,no
06-Sep,24,Avocado,Hass,"1058, 1059",13,1,Expired,0%,no
07-Sep,25,Pear,Bosc,"1060, 1061",0,0,Unripe,40%,no
07-Sep,25,Pear,Bosc,"1062, 1063",1,0,Unripe,40%,no
07-Sep,25,Pear,Bosc,"1064, 1065",2,0,Unripe,40%,no
07-Sep,25,Avocado,Hass,"1066, 1067",11,2,Expired,0%,no
07-Sep,25,Avocado,Hass,"1068, 1069",12,4,Expired,0%,no
07-Sep,25,Avocado,Hass,"1070, 1071",13,1,Expired,0%,no
08-Sep,26,Pear,Bosc,"1072, 1073",0,0,Unripe,40%,yes
08-Sep,26,Pear,Bosc,"1074, 1075",1,0,Unripe,40%,yes
08-Sep,26,Pear,Bosc,"1076, 1077",2,0,Unripe,40%,yes
08-Sep,26,Avocado,Hass,"1078, 1079",11,2,Expired,0%,no
08-Sep,26,Avocado,Hass,"1080, 1081",12,3,Expired,0%,no
08-Sep,26,Avocado,Hass,"1082, 1083",13,0,Expired,0%,no
09-Sep,27,Pear,Bosc,"1084, 1085",0,0,Unripe,30%,no
09-Sep,27,Pear,Bosc,"1086, 1087",1,0,Unripe,30%,no
09-Sep,27,Pear,Bosc,"1088, 1089",2,0,Unripe,30%,no
09-Sep,27,Avocado,Hass,"1090, 1091",11,2,Expired,0%,no
09-Sep,27,Avocado,Hass,"1092, 1093",12,1,Expired,0%,no
09-Sep,27,Avocado,Hass,"1094, 1095",13,1,Expired,0%,no
10-Sep,28,Pear,Bosc,"1096, 1097",0,0,Unripe,30%,no
10-Sep,28,Pear,Bosc,"1098, 1099",1,0,Unripe,30%,no
10-Sep,28,Pear,Bosc,"1100, 1101",2,0,Unripe,30%,no
10-Sep,28,Avocado,Hass,"1102, 1103",11,1,Expired,0%,no
10-Sep,28,Avocado,Hass,"1104, 1105",12,1,Expired,0%,no
10-Sep,28,Avocado,Hass,"1106, 1107",13,2,Expired,0%,no
11-Sep,29,Pear,Bosc,"1108, 1109",0,2,Ripe,30%,yes
11-Sep,29,Pear,Bosc,"1110, 1111",1,0,Unripe,30%,yes
11-Sep,29,Pear,Bosc,"1112, 1113",2,1,Unripe,30%,yes
11-Sep,29,Avocado,Hass,"1114, 1115",11,1,Expired,0%,yes
11-Sep,29,Avocado,Hass,"1116, 1117",12,1,Expired,0%,yes
11-Sep,29,Avocado,Hass,"1118, 1119",13,1,Expired,0%,yes
12-Sep,30,Pear,Bosc,"1120, 1121",0,2,Ripe,30%,no
12-Sep,30,Pear,Bosc,"1122, 1123",1,2,Ripe,30%,no
12-Sep,30,Pear,Bosc,"1124, 1125",2,2,Ripe,30%,no
12-Sep,30,Avocado,Hass,"1126, 1127",11,1,Expired,0%,no
12-Sep,30,Avocado,Hass,"1128, 1129",12,1,Expired,0%,no
12-Sep,30,Avocado,Hass,"1130, 1131",13,1,Expired,0%,no
13-Sep,31,Pear,Bosc,"1132, 1133",0,3,Ripe,20%,yes
13-Sep,31,Pear,Bosc,"1134, 1135",1,3,Ripe,20%,yes
13-Sep,31,Pear,Bosc,"1136, 1137",2,3,Ripe,20%,yes
13-Sep,31,Avocado,Hass,"1138, 1139",11,1,Expired,0%,yes
13-Sep,31,Avocado,Hass,"1140, 1141",12,0,Expired,0%,yes
13-Sep,31,Avocado,Hass,"1142, 1143",13,1,Expired,0%,yes
14-Sep,32,Pear,Bosc,"1144, 1145",0,4,Ripe,20%,no
14-Sep,32,Pear,Bosc,"1146, 1147",1,5,Ripe,20%,no
14-Sep,32,Pear,Bosc,"1148, 1149",2,3,Ripe,20%,no
14-Sep,32,Avocado,Hass,"1150, 1151",11,1,Expired,0%,no
14-Sep,32,Avocado,Hass,"1152, 1153",12,0,Expired,0%,no
14-Sep,32,Avocado,Hass,"1154, 1155",13,2,Expired,0%,no
15-Sep,33,Pear,Bosc,"1156, 1157",0,7,Ripe,20%,no
15-Sep,33,Pear,Bosc,"1158, 1159",1,6,Ripe,20%,no
15-Sep,33,Pear,Bosc,"1160, 1161",2,6,Ripe,20%,no
15-Sep,33,Avocado,Hass,"1162, 1163",11,1,Expired,0%,yes
15-Sep,33,Avocado,Hass,"1164, 1165",12,1,Expired,0%,yes
15-Sep,33,Avocado,Hass,"1166, 1167",13,2,Expired,0%,yes
16-Sep,34,Pear,Bosc,"1168, 1169",0,10,Ripe,20%,no
16-Sep,34,Pear,Bosc,"1170, 1171",1,7,Ripe,20%,no
16-Sep,34,Pear,Bosc,"1172, 1173",2,8,Ripe,20%,no
16-Sep,34,Avocado,Hass,"1174, 1175",11,1,Expired,0%,no
16-Sep,34,Avocado,Hass,"1176, 1177",12,2,Expired,0%,no
16-Sep,34,Avocado,Hass,"1178, 1179",13,1,Expired,0%,no
17-Sep,35,Pear,Bosc,"1180, 1181",0,9,Ripe,10%,no
17-Sep,35,Pear,Bosc,"1182, 1183",1,8,Ripe,10%,no
17-Sep,35,Pear,Bosc,"1184, 1185",2,9,Ripe,10%,no
17-Sep,35,Avocado,Hass,"1186, 1187",11,1,Expired,0%,yes
17-Sep,35,Avocado,Hass,"1188, 1189",12,2,Expired,0%,yes
17-Sep,35,Avocado,Hass,"1190, 1191",13,1,Expired,0%,yes
18-Sep,36,Pear,Bosc,"1192, 1193",0,12,Ripe,10%,no
18-Sep,36,Pear,Bosc,"1194, 1195",1,8,Ripe,10%,no
18-Sep,36,Pear,Bosc,"1196, 1197",2,11,Ripe,10%,no
18-Sep,36,Avocado,Hass,"1198, 1199",11,1,Expired,0%,no
18-Sep,36,Avocado,Hass,"1200, 1201",12,2,Expired,0%,no
18-Sep,36,Avocado,Hass,"1202, 1203",13,2,Expired,0%,no
19-Sep,37,Pear,Bosc,"1204, 1205",0,9,Ripe,10%,no
19-Sep,37,Pear,Bosc,"1206, 1207",1,6,Ripe,10%,no
19-Sep,37,Pear,Bosc,"1208, 1209",2,12,Ripe,10%,no
19-Sep,37,Avocado,Hass,"1210, 1211",11,1,Expired,0%,yes
19-Sep,37,Avocado,Hass,"1212, 1213",12,3,Expired,0%,yes
19-Sep,37,Avocado,Hass,"1214, 1215",13,0,Expired,0%,yes
20-Sep,38,Pear,Bosc,"1216, 1217",0,6,Ripe,10%,no
20-Sep,38,Pear,Bosc,"1218, 1219",1,5,Ripe,10%,no
20-Sep,38,Pear,Bosc,"1220, 1221",2,13,Ripe,10%,no
20-Sep,38,Avocado,Hass,"1222, 1223",11,0,Expired,0%,yes
20-Sep,38,Avocado,Hass,"1224, 1225",12,2,Expired,0%,yes
20-Sep,38,Avocado,Hass,"1226, 1227",13,0,Expired,0%,yes
21-Sep,39,Pear,Bosc,"1228, 1229",0,6,Expired,0%,no
21-Sep,39,Pear,Bosc,"1230, 1231",1,5,Expired,0%,no
21-Sep,39,Pear,Bosc,"1232, 1233",2,10,Ripe,0%,no
21-Sep,39,Avocado,Hass,"1234, 1235",11,0,Expired,0%,no
21-Sep,39,Avocado,Hass,"1236, 1237",12,1,Expired,0%,no
21-Sep,39,Avocado,Hass,"1238, 1239",13,1,Expired,0%,no
22-Sep,40,Pear,Bosc,"1240, 1241",0,5,Expired,0%,no
22-Sep,40,Pear,Bosc,"1242, 1243",1,5,Expired,0%,no
22-Sep,40,Pear,Bosc,"1244, 1245",2,9,Expired,0%,no
23-Sep,41,Pear,Bosc,"1246, 1247",0,3,Expired,0%,no
23-Sep,41,Pear,Bosc,"1248, 1249",1,4,Expired,0%,no
23-Sep,41,Pear,Bosc,"1250, 1251",2,8,Expired,0%,no
24-Sep,42,Pear,Bosc,"1252, 1253",0,4,Expired,0%,yes
24-Sep,42,Pear,Bosc,"1254, 1255",1,3,Expired,0%,yes
24-Sep,42,Pear,Bosc,"1256, 1257",2,7,Expired,0%,yes
25-Sep,43,Pear,Bosc,"1258, 1259",0,4,Expired,0%,yes
25-Sep,43,Pear,Bosc,"1260, 1261",1,4,Expired,0%,yes
25-Sep,43,Pear,Bosc,"1262, 1263",2,6,Expired,0%,yes
26-Sep,44,Pear,Bosc,"1264, 1265",0,5,Expired,0%,yes
26-Sep,44,Pear,Bosc,"1266, 1267",1,6,Expired,0%,yes
26-Sep,44,Pear,Bosc,"1268, 1269",2,1,Expired,0%,yes
27-Sep,45,Pear,Bosc,"1270, 1271",0,7,Expired,0%,yes
27-Sep,45,Pear,Bosc,"1272, 1273",1,5,Expired,0%,yes
27-Sep,45,Pear,Bosc,"1274, 1275",2,1,Expired,0%,yes
28-Sep,46,Pear,Bosc,"1276, 1277",0,8,Expired,0%,yes
28-Sep,46,Pear,Bosc,"1278, 1279",1,7,Expired,0%,yes
28-Sep,46,Pear,Bosc,"1280, 1281",2,3,Expired,0%,yes
13-Apr,1,Pear,Bartlett,"2326, 2327",0,0,Unripe,100%,no
13-Apr,1,Banana,Guatamala,"2328, 2329",1,0,Unripe,100%,no
13-Apr,1,Banana,Guatamala,"2330, 2331",2,0,Unripe,100%,no
13-Apr,1,Mango,Ataulfo,"2332, 2333",3,0,Unripe,100%,no
13-Apr,1,Mango,Ataulfo,"2334, 2335",4,0,Unripe,100%,no
13-Apr,1,Mango,Ataulfo,"2336, 2337",5,0,Unripe,100%,no
13-Apr,1,Nectarine,Chile,"2338, 2339",6,0,Unripe,100%,no
13-Apr,1,Nectarine,Chile,"2340, 2341",7,0,Unripe,100%,no
13-Apr,1,Nectarine,Chile,"2342, 2343",8,0,Unripe,100%,no
14-Apr,2,Pear,Bartlett,"2344, 2345",0,1,Unripe,90%,no
14-Apr,2,Banana,Guatamala,"2346, 2347",1,2,Ripe,80%,no
14-Apr,2,Banana,Guatamala,"2348, 2349",2,3,Ripe,80%,no
14-Apr,2,Mango,Ataulfo,"2350, 2351",3,0,Unripe,90%,no
14-Apr,2,Mango,Ataulfo,"2352, 2353",4,0,Unripe,90%,no
14-Apr,2,Mango,Ataulfo,"2354, 2355",5,1,Unripe,90%,no
14-Apr,2,Nectarine,Chile,"2356, 2357",6,0,Unripe,90%,no
14-Apr,2,Nectarine,Chile,"2358, 2359",7,1,Unripe,90%,no
14-Apr,2,Nectarine,Chile,"2360, 2361",8,1,Unripe,90%,no
15-Apr,3,Pear,Bartlett,"2362, 2363",0,1,Unripe,90%,no
15-Apr,3,Banana,Guatamala,"2364, 2365",1,5,Ripe,60%,no
15-Apr,3,Banana,Guatamala,"2366, 2367",2,5,Ripe,60%,no
15-Apr,3,Mango,Ataulfo,"2368, 2369",3,0,Unripe,90%,no
15-Apr,3,Mango,Ataulfo,"2370, 2371",4,0,Unripe,90%,no
15-Apr,3,Mango,Ataulfo,"2372, 2373",5,0,Unripe,90%,no
15-Apr,3,Nectarine,Chile,"2374, 2375",6,0,Unripe,90%,no
15-Apr,3,Nectarine,Chile,"2376, 2377",7,1,Unripe,90%,no
15-Apr,3,Nectarine,Chile,"2378, 2379",8,1,Unripe,90%,no
16-Apr,4,Pear,Bartlett,"2380, 2381",0,2,Unripe,80%,no
16-Apr,4,Banana,Guatamala,"2382, 2383",1,5,Ripe,40%,no
16-Apr,4,Banana,Guatamala,"2384, 2385",2,5,Ripe,40%,no
16-Apr,4,Mango,Ataulfo,"2386, 2387",3,0,Unripe,80%,no
16-Apr,4,Mango,Ataulfo,"2388, 2389",4,0,Unripe,80%,no
16-Apr,4,Mango,Ataulfo,"2390, 2391",5,0,Unripe,80%,no
16-Apr,4,Nectarine,Chile,"2392, 2393",6,0,Unripe,80%,no
16-Apr,4,Nectarine,Chile,"2394, 2395",7,1,Unripe,80%,no
16-Apr,4,Nectarine,Chile,"2396, 2397",8,1,Unripe,80%,no
17-Apr,5,Pear,Bartlett,"2398, 2399",0,3,Unripe,70%,no
17-Apr,5,Banana,Guatamala,"2400, 2401",1,4,Ripe,30%,no
17-Apr,5,Banana,Guatamala,"2402, 2403",2,3,Ripe,20%,no
17-Apr,5,Mango,Ataulfo,"2404, 2405",3,0,Unripe,70%,no
17-Apr,5,Mango,Ataulfo,"2406, 2407",4,0,Unripe,70%,no
17-Apr,5,Mango,Ataulfo,"2408, 2409",5,0,Unripe,70%,no
17-Apr,5,Nectarine,Chile,"2410, 2411",6,0,Unripe,70%,no
17-Apr,5,Nectarine,Chile,"2412, 2413",7,1,Unripe,70%,no
17-Apr,5,Nectarine,Chile,"2414, 2415",8,3,Ripe,70%,no
18-Apr,6,Pear,Bartlett,"2416, 2417",0,8,Ripe,60%,no
18-Apr,6,Banana,Guatamala,"2418, 2419",1,5,Ripe,20%,no
18-Apr,6,Banana,Guatamala,"2420, 2421",2,0,Expired,0%,no
18-Apr,6,Mango,Ataulfo,"2422, 2423",3,0,Unripe,60%,no
18-Apr,6,Mango,Ataulfo,"2424, 2425",4,0,Unripe,60%,no
18-Apr,6,Mango,Ataulfo,"2426, 2427",5,0,Unripe,60%,no
18-Apr,6,Nectarine,Chile,"2428, 2429",6,0,Unripe,60%,no
18-Apr,6,Nectarine,Chile,"2430, 2431",7,4,Ripe,60%,no
18-Apr,6,Nectarine,Chile,"2432, 2433",8,6,Ripe,60%,no
19-Apr,7,Pear,Bartlett,"2434, 2435",0,13,Ripe,50%,no
19-Apr,7,Banana,Guatamala,"2436, 2437",1,4,Ripe,10%,no
19-Apr,7,Banana,Guatamala,"2438, 2439",2,1,Expired,0%,no
19-Apr,7,Mango,Ataulfo,"2440, 2441",3,0,Unripe,60%,no
19-Apr,7,Mango,Ataulfo,"2442, 2443",4,0,Unripe,60%,no
19-Apr,7,Mango,Ataulfo,"2444, 2445",5,0,Unripe,60%,no
19-Apr,7,Nectarine,Chile,"2446, 2447",6,0,Unripe,60%,no
19-Apr,7,Nectarine,Chile,"2448, 2449",7,3,Ripe,60%,no
19-Apr,7,Nectarine,Chile,"2450, 2451",8,3,Ripe,60%,no
20-Apr,8,Pear,Bartlett,"2452, 2453",0,12,Ripe,40%,no
20-Apr,8,Banana,Guatamala,"2454, 2455",1,2,Expired,0%,no
20-Apr,8,Banana,Guatamala,"2456, 2457",2,2,Expired,0%,no
20-Apr,8,Mango,Ataulfo,"2458, 2459",3,3,Ripe,50%,no
20-Apr,8,Mango,Ataulfo,"2460, 2461",4,3,Ripe,50%,no
20-Apr,8,Mango,Ataulfo,"2462, 2463",5,2,Ripe,50%,no
20-Apr,8,Nectarine,Chile,"2464, 2465",6,3,Ripe,50%,no
20-Apr,8,Nectarine,Chile,"2466, 2467",7,6,Ripe,50%,no
20-Apr,8,Nectarine,Chile,"2468, 2469",8,8,Ripe,50%,no
21-Apr,9,Pear,Bartlett,"2470, 2471",0,15,Ripe,30%,no
21-Apr,9,Banana,Guatamala,"2472, 2473",1,2,Expired,0%,no
21-Apr,9,Banana,Guatamala,"2474, 2475",2,2,Expired,0%,no
21-Apr,9,Mango,Ataulfo,"2476, 2477",3,2,Ripe,40%,no
21-Apr,9,Mango,Ataulfo,"2478, 2479",4,2,Ripe,40%,no
21-Apr,9,Mango,Ataulfo,"2480, 2481",5,2,Ripe,40%,no
21-Apr,9,Nectarine,Chile,"2482, 2483",6,4,Ripe,40%,no
21-Apr,9,Nectarine,Chile,"2484, 2485",7,4,Ripe,40%,no
21-Apr,9,Nectarine,Chile,"2486, 2487",8,8,Ripe,40%,no
22-Apr,10,Pear,Bartlett,"2488, 2489",0,15,Ripe,20%,no
22-Apr,10,Banana,Guatamala,"2490, 2491",1,3,Expired,0%,no
22-Apr,10,Banana,Guatamala,"2492, 2493",2,2,Expired,0%,no
22-Apr,10,Mango,Ataulfo,"2494, 2495",3,3,Ripe,40%,no
22-Apr,10,Mango,Ataulfo,"2496, 2497",4,2,Ripe,40%,no
22-Apr,10,Mango,Ataulfo,"2498, 2499",5,2,Ripe,40%,no
22-Apr,10,Nectarine,Chile,"2500, 2501",6,3,Ripe,40%,no
22-Apr,10,Nectarine,Chile,"2502, 2503",7,5,Ripe,40%,no
22-Apr,10,Nectarine,Chile,"2504, 2505",8,6,Ripe,40%,no
23-Apr,11,Pear,Bartlett,"2506, 2507",0,13,Ripe,10%,no
23-Apr,11,Banana,Guatamala,"2508, 2509",1,3,Expired,0%,no
23-Apr,11,Banana,Guatamala,"2510, 2511",2,5,Expired,0%,no
23-Apr,11,Mango,Ataulfo,"2512, 2513",3,3,Ripe,30%,no
23-Apr,11,Mango,Ataulfo,"2514, 2515",4,2,Ripe,30%,no
23-Apr,11,Mango,Ataulfo,"2516, 2517",5,3,Ripe,30%,no
23-Apr,11,Nectarine,Chile,"2518, 2519",6,3,Ripe,30%,no
23-Apr,11,Nectarine,Chile,"2520, 2521",7,6,Ripe,30%,no
23-Apr,11,Nectarine,Chile,"2522, 2523",8,8,Ripe,30%,no
24-Apr,12,Pear,Bartlett,"2524, 2525",0,8,Expired,0%,no
24-Apr,12,Banana,Guatamala,"2526, 2527",1,5,Expired,0%,no
24-Apr,12,Banana,Guatamala,"2528, 2529",2,5,Expired,0%,no
24-Apr,12,Mango,Ataulfo,"2530, 2531",3,3,Ripe,20%,no
24-Apr,12,Mango,Ataulfo,"2532, 2533",4,3,Ripe,20%,no
24-Apr,12,Mango,Ataulfo,"2534, 2535",5,3,Ripe,20%,no
24-Apr,12,Nectarine,Chile,"2536, 2537",6,3,Ripe,20%,no
24-Apr,12,Nectarine,Chile,"2538, 2539",7,4,Ripe,20%,no
24-Apr,12,Nectarine,Chile,"2540, 2541",8,7,Ripe,20%,no
25-Apr,13,Pear,Bartlett,"2542, 2543",0,3,Expired,0%,no
25-Apr,13,Banana,Guatamala,"2544, 2545",1,8,Expired,0%,no
25-Apr,13,Banana,Guatamala,"2546, 2547",2,8,Expired,0%,no
25-Apr,13,Mango,Ataulfo,"2548, 2549",3,4,Ripe,20%,no
25-Apr,13,Mango,Ataulfo,"2550, 2551",4,4,Ripe,20%,no
25-Apr,13,Mango,Ataulfo,"2552, 2553",5,4,Ripe,20%,no
25-Apr,13,Nectarine,Chile,"2554, 2555",6,3,Ripe,20%,no
25-Apr,13,Nectarine,Chile,"2556, 2557",7,5,Ripe,20%,no
25-Apr,13,Nectarine,Chile,"2558, 2559",8,7,Ripe,20%,no
26-Apr,14,Pear,Bartlett,"2560, 2561",0,3,Expired,0%,no
26-Apr,14,Banana,Guatamala,"2562, 2563",1,4,Expired,0%,no
26-Apr,14,Banana,Guatamala,"2564, 2565",2,4,Expired,0%,no
26-Apr,14,Mango,Ataulfo,"2566, 2567",3,3,Ripe,10%,no
26-Apr,14,Mango,Ataulfo,"2568, 2569",4,4,Ripe,10%,no
26-Apr,14,Mango,Ataulfo,"2570, 2571",5,4,Ripe,10%,no
26-Apr,14,Nectarine,Chile,"2572, 2573",6,3,Ripe,10%,no
26-Apr,14,Nectarine,Chile,"2574, 2575",7,4,Ripe,10%,no
26-Apr,14,Nectarine,Chile,"2576, 2577",8,8,Ripe,10%,no
27-Apr,15,Pear,Bartlett,"2578, 2579",0,3,Expired,0%,no
27-Apr,15,Mango,Ataulfo,"2580, 2581",3,0,Expired,0%,no
27-Apr,15,Mango,Ataulfo,"2582, 2583",4,0,Expired,0%,no
27-Apr,15,Mango,Ataulfo,"2584, 2585",5,0,Expired,0%,no
27-Apr,15,Nectarine,Chile,"2586, 2587",6,0,Expired,0%,no
27-Apr,15,Nectarine,Chile,"2588, 2589",7,1,Expired,0%,no
27-Apr,15,Nectarine,Chile,"2590, 2591",8,4,Expired,0%,no
28-Apr,16,Pear,Bartlett,"2592, 2593",0,3,Expired,0%,no
28-Apr,16,Mango,Ataulfo,"2594, 2595",3,0,Expired,0%,no
28-Apr,16,Mango,Ataulfo,"2596, 2597",4,0,Expired,0%,no
28-Apr,16,Mango,Ataulfo,"2598, 2599",5,0,Expired,0%,no
28-Apr,16,Nectarine,Chile,"2600, 2601",6,1,Expired,0%,no
28-Apr,16,Nectarine,Chile,"2602, 2603",7,1,Expired,0%,no
28-Apr,16,Nectarine,Chile,"2604, 2605",8,3,Expired,0%,no
29-Apr,17,Pear,Bartlett,"2606, 2607",0,0,Expired,0%,no
29-Apr,17,Mango,Ataulfo,"2608, 2609",3,0,Expired,0%,no
29-Apr,17,Mango,Ataulfo,"2610, 2611",4,0,Expired,0%,no
29-Apr,17,Mango,Ataulfo,"2612, 2613",5,0,Expired,0%,no
29-Apr,17,Nectarine,Chile,"2614, 2615",6,0,Expired,0%,no
29-Apr,17,Nectarine,Chile,"2616, 2617",7,1,Expired,0%,no
29-Apr,17,Nectarine,Chile,"2618, 2619",8,3,Expired,0%,no
30-Apr,18,Pear,Bartlett,"2620, 2621",0,3,Expired,0%,no
30-Apr,18,Mango,Ataulfo,"2622, 2623",3,1,Expired,0%,no
30-Apr,18,Mango,Ataulfo,"2624, 2625",4,0,Expired,0%,no
30-Apr,18,Mango,Ataulfo,"2626, 2627",5,4,Expired,0%,no
30-Apr,18,Nectarine,Chile,"2628, 2629",6,0,Expired,0%,no
30-Apr,18,Nectarine,Chile,"2630, 2631",7,4,Expired,0%,no
30-Apr,18,Nectarine,Chile,"2632, 2633",8,4,Expired,0%,no
1-May,19,Mango,Ataulfo,"2634, 2635",3,1,Expired,0%,no
1-May,19,Mango,Ataulfo,"2636, 2637",4,1,Expired,0%,no
1-May,19,Mango,Ataulfo,"2638, 2639",5,0,Expired,0%,no
1-May,19,Nectarine,Chile,"2640, 2641",6,1,Expired,0%,no
1-May,19,Nectarine,Chile,"2642, 2643",7,4,Expired,0%,no
1-May,19,Nectarine,Chile,"2644, 2645",8,3,Expired,0%,no
2-May,20,Mango,Ataulfo,"2646, 2647",3,1,Expired,0%,no
2-May,20,Mango,Ataulfo,"2648, 2649",4,1,Expired,0%,no
2-May,20,Mango,Ataulfo,"2650, 2651",5,1,Expired,0%,no
2-May,20,Nectarine,Chile,"2652, 2653",6,1,Expired,0%,no
2-May,20,Nectarine,Chile,"2654, 2655",7,4,Expired,0%,no
2-May,20,Nectarine,Chile,"2656, 2657",8,2,Expired,0%,no
3-May,21,Mango,Ataulfo,"2658, 2659",3,0,Expired,0%,no
3-May,21,Mango,Ataulfo,"2660, 2661",4,1,Expired,0%,no
3-May,21,Mango,Ataulfo,"2662, 2663",5,1,Expired,0%,no
3-May,21,Nectarine,Chile,"2664, 2665",6,1,Expired,0%,no
3-May,21,Nectarine,Chile,"2666, 2667",7,5,Expired,0%,no
3-May,21,Nectarine,Chile,"2668, 2669",8,5,Expired,0%,no
4-May,22,Mango,Ataulfo,"2670, 2671",3,1,Expired,0%,no
4-May,22,Mango,Ataulfo,"2672, 2673",4,3,Expired,0%,no
4-May,22,Mango,Ataulfo,"2674, 2675",5,1,Expired,0%,no
4-May,22,Nectarine,Chile,"2676, 2677",6,4,Expired,0%,no
4-May,22,Nectarine,Chile,"2678, 2679",7,8,Expired,0%,no
4-May,22,Nectarine,Chile,"2680, 2681",8,6,Expired,0%,no
5-May,23,Mango,Ataulfo,"2682, 2683",3,1,Expired,0%,no
5-May,23,Mango,Ataulfo,"2684, 2685",4,1,Expired,0%,no
5-May,23,Mango,Ataulfo,"2686, 2687",5,3,Expired,0%,no
5-May,23,Nectarine,Chile,"2688, 2689",6,4,Expired,0%,no
5-May,23,Nectarine,Chile,"2690, 2691",7,4,Expired,0%,no
5-May,23,Nectarine,Chile,"2692, 2693",8,8,Expired,0%,no
6-May,24,Mango,Ataulfo,"2694, 2695",3,4,Expired,0%,no
6-May,24,Mango,Ataulfo,"2696, 2697",4,4,Expired,0%,no
6-May,24,Mango,Ataulfo,"2698, 2699",5,8,Expired,0%,no
13-Apr,1,Pear,Bartlett,"2800",9,0,Unripe,100%,no
13-Apr,1,Banana,Guatamala,"2801",10,0,Unripe,100%,no
13-Apr,1,Banana,Guatamala,"2802",11,0,Unripe,100%,no
13-Apr,1,Mango,Ataulfo,"2803",12,0,Unripe,100%,no
13-Apr,1,Mango,Ataulfo,"2804",13,0,Unripe,100%,no
13-Apr,1,Mango,Ataulfo,"2805",14,0,Unripe,100%,no
13-Apr,1,Nectarine,Chile,"2806",15,0,Unripe,100%,no
13-Apr,1,Nectarine,Chile,"2807",16,0,Unripe,100%,no
13-Apr,1,Nectarine,Chile,"2808",17,0,Unripe,100%,no
14-Apr,2,Pear,Bartlett,"2809",9,1,Unripe,90%,no
14-Apr,2,Banana,Guatamala,"2810",10,2,Ripe,80%,no
14-Apr,2,Banana,Guatamala,"2811",11,2,Ripe,80%,no
14-Apr,2,Mango,Ataulfo,"2812",12,0,Unripe,90%,no
14-Apr,2,Mango,Ataulfo,"2813",13,0,Unripe,90%,no
14-Apr,2,Mango,Ataulfo,"2814",14,1,Unripe,90%,no
14-Apr,2,Nectarine,Chile,"2815",15,0,Unripe,90%,no
14-Apr,2,Nectarine,Chile,"2816",16,1,Unripe,90%,no
14-Apr,2,Nectarine,Chile,"2817",17,1,Unripe,90%,no
15-Apr,3,Pear,Bartlett,"2818",9,1,Unripe,80%,no
15-Apr,3,Banana,Guatamala,"2819",10,2,Ripe,60%,no
15-Apr,3,Banana,Guatamala,"2820",11,2,Ripe,60%,no
15-Apr,3,Mango,Ataulfo,"2821",12,0,Unripe,90%,no
15-Apr,3,Mango,Ataulfo,"2822",13,0,Unripe,90%,no
15-Apr,3,Mango,Ataulfo,"2823",14,0,Unripe,90%,no
15-Apr,3,Nectarine,Chile,"2824",15,0,Unripe,90%,no
15-Apr,3,Nectarine,Chile,"2825",16,1,Unripe,90%,no
15-Apr,3,Nectarine,Chile,"2826",17,1,Unripe,90%,no
16-Apr,4,Pear,Bartlett,"2827",9,2,Unripe,70%,no
16-Apr,4,Banana,Guatamala,"2828",10,5,Ripe,40%,no
16-Apr,4,Banana,Guatamala,"2829",11,4,Ripe,40%,no
16-Apr,4,Mango,Ataulfo,"2830",12,0,Unripe,80%,no
16-Apr,4,Mango,Ataulfo,"2831",13,0,Unripe,80%,no
16-Apr,4,Mango,Ataulfo,"2832",14,0,Unripe,80%,no
16-Apr,4,Nectarine,Chile,"2833",15,0,Unripe,80%,no
16-Apr,4,Nectarine,Chile,"2834",16,1,Unripe,80%,no
16-Apr,4,Nectarine,Chile,"2835",17,1,Unripe,80%,no
17-Apr,5,Pear,Bartlett,"2836",9,3,Ripe,60%,no
17-Apr,5,Banana,Guatamala,"2837",10,4,Ripe,30%,no
17-Apr,5,Banana,Guatamala,"2838",11,4,Ripe,20%,no
17-Apr,5,Mango,Ataulfo,"2839",12,0,Unripe,70%,no
17-Apr,5,Mango,Ataulfo,"2840",13,0,Unripe,70%,no
17-Apr,5,Mango,Ataulfo,"2841",14,0,Unripe,70%,no
17-Apr,5,Nectarine,Chile,"2842",15,0,Unripe,70%,no
17-Apr,5,Nectarine,Chile,"2843",16,1,Unripe,70%,no
17-Apr,5,Nectarine,Chile,"2844",17,3,Ripe,70%,no
18-Apr,6,Pear,Bartlett,"2845",9,8,Ripe,50%,no
18-Apr,6,Banana,Guatamala,"2846",10,4,Ripe,20%,no
18-Apr,6,Banana,Guatamala,"2847",11,0,Expired,0%,no
18-Apr,6,Mango,Ataulfo,"2848",12,0,Unripe,60%,no
18-Apr,6,Mango,Ataulfo,"2849",13,1,Unripe,60%,no
18-Apr,6,Mango,Ataulfo,"2850",14,0,Unripe,60%,no
18-Apr,6,Nectarine,Chile,"2851",15,0,Unripe,60%,no
18-Apr,6,Nectarine,Chile,"2852",16,4,Ripe,60%,no
18-Apr,6,Nectarine,Chile,"2853",17,6,Ripe,60%,no
19-Apr,7,Pear,Bartlett,"2854",9,12,Ripe,40%,no
19-Apr,7,Banana,Guatamala,"2855",10,4,Ripe,10%,no
19-Apr,7,Banana,Guatamala,"2856",11,1,Expired,0%,no
19-Apr,7,Mango,Ataulfo,"2857",12,0,Unripe,60%,no
19-Apr,7,Mango,Ataulfo,"2858",13,0,Unripe,60%,no
19-Apr,7,Mango,Ataulfo,"2859",14,0,Unripe,60%,no
19-Apr,7,Nectarine,Chile,"2860",15,0,Unripe,60%,no
19-Apr,7,Nectarine,Chile,"2861",16,3,Ripe,60%,no
19-Apr,7,Nectarine,Chile,"2862",17,3,Ripe,60%,no
20-Apr,8,Pear,Bartlett,"2863",9,12,Ripe,30%,no
20-Apr,8,Banana,Guatamala,"2864",10,0,Expired,0%,no
20-Apr,8,Banana,Guatamala,"2865",11,0,Expired,0%,no
20-Apr,8,Mango,Ataulfo,"2866",12,3,Ripe,50%,no
20-Apr,8,Mango,Ataulfo,"2867",13,2,Ripe,50%,no
20-Apr,8,Mango,Ataulfo,"2868",14,3,Ripe,50%,no
20-Apr,8,Nectarine,Chile,"2869",15,3,Ripe,50%,no
20-Apr,8,Nectarine,Chile,"2870",16,6,Ripe,50%,no
20-Apr,8,Nectarine,Chile,"2871",17,8,Ripe,50%,no
21-Apr,9,Pear,Bartlett,"2872",9,14,Ripe,20%,no
21-Apr,9,Banana,Guatamala,"2873",10,3,Expired,0%,no
21-Apr,9,Banana,Guatamala,"2874",11,2,Expired,0%,no
21-Apr,9,Mango,Ataulfo,"2875",12,3,Ripe,40%,no
21-Apr,9,Mango,Ataulfo,"2876",13,3,Ripe,40%,no
21-Apr,9,Mango,Ataulfo,"2877",14,3,Ripe,40%,no
21-Apr,9,Nectarine,Chile,"2878",15,4,Ripe,40%,no
21-Apr,9,Nectarine,Chile,"2879",16,4,Ripe,40%,no
21-Apr,9,Nectarine,Chile,"2880",17,8,Ripe,40%,no
22-Apr,10,Pear,Bartlett,"2881",9,10,Ripe,10%,no
22-Apr,10,Banana,Guatamala,"2882",10,3,Expired,0%,no
22-Apr,10,Banana,Guatamala,"2883",11,2,Expired,0%,no
22-Apr,10,Mango,Ataulfo,"2884",12,3,Ripe,40%,no
22-Apr,10,Mango,Ataulfo,"2885",13,3,Ripe,40%,no
22-Apr,10,Mango,Ataulfo,"2886",14,3,Ripe,40%,no
22-Apr,10,Nectarine,Chile,"2887",15,3,Ripe,40%,no
22-Apr,10,Nectarine,Chile,"2888",16,5,Ripe,40%,no
22-Apr,10,Nectarine,Chile,"2889",17,6,Ripe,40%,no
23-Apr,11,Pear,Bartlett,"2890",9,4,Expired,0%,no
23-Apr,11,Banana,Guatamala,"2891",10,3,Expired,0%,no
23-Apr,11,Banana,Guatamala,"2892",11,5,Expired,0%,no
23-Apr,11,Mango,Ataulfo,"2893",12,3,Ripe,30%,no
23-Apr,11,Mango,Ataulfo,"2894",13,3,Ripe,30%,no
23-Apr,11,Mango,Ataulfo,"2895",14,3,Ripe,30%,no
23-Apr,11,Nectarine,Chile,"2896",15,3,Ripe,30%,no
23-Apr,11,Nectarine,Chile,"2897",16,6,Ripe,30%,no
23-Apr,11,Nectarine,Chile,"2898",17,8,Ripe,30%,no
24-Apr,12,Pear,Bartlett,"2899",9,4,Expired,0%,no
24-Apr,12,Banana,Guatamala,"2900",10,5,Expired,0%,no
24-Apr,12,Banana,Guatamala,"2901",11,4,Expired,0%,no
24-Apr,12,Mango,Ataulfo,"2902",12,3,Ripe,20%,no
24-Apr,12,Mango,Ataulfo,"2903",13,4,Ripe,20%,no
24-Apr,12,Mango,Ataulfo,"2904",14,3,Ripe,20%,no
24-Apr,12,Nectarine,Chile,"2905",15,3,Ripe,20%,no
24-Apr,12,Nectarine,Chile,"2906",16,4,Ripe,20%,no
24-Apr,12,Nectarine,Chile,"2907",17,7,Ripe,20%,no
25-Apr,13,Pear,Bartlett,"2908",9,4,Expired,0%,no
25-Apr,13,Banana,Guatamala,"2909",10,10,Expired,0%,no
25-Apr,13,Banana,Guatamala,"2910",11,12,Expired,0%,no
25-Apr,13,Mango,Ataulfo,"2911",12,3,Ripe,20%,no
25-Apr,13,Mango,Ataulfo,"2912",13,3,Ripe,20%,no
25-Apr,13,Mango,Ataulfo,"2913",14,4,Ripe,20%,no
25-Apr,13,Nectarine,Chile,"2914",15,3,Ripe,20%,no
25-Apr,13,Nectarine,Chile,"2915",16,5,Ripe,20%,no
25-Apr,13,Nectarine,Chile,"2916",17,7,Ripe,20%,no
26-Apr,14,Pear,Bartlett,"2917",9,5,Expired,0%,no
26-Apr,14,Banana,Guatamala,"2918",10,11,Expired,0%,no
26-Apr,14,Banana,Guatamala,"2919",11,13,Expired,0%,no
26-Apr,14,Mango,Ataulfo,"2920",12,1,Expired,0%,no
26-Apr,14,Mango,Ataulfo,"2921",13,4,Ripe,10%,no
26-Apr,14,Mango,Ataulfo,"2922",14,1,Expired,0%,no
26-Apr,14,Nectarine,Chile,"2923",15,3,Ripe,10%,no
26-Apr,14,Nectarine,Chile,"2924",16,4,Ripe,10%,no
26-Apr,14,Nectarine,Chile,"2925",17,8,Ripe,10%,no
27-Apr,15,Pear,Bartlett,"2926",9,4,Expired,0%,no
27-Apr,15,Mango,Ataulfo,"2927",12,0,Expired,0%,no
27-Apr,15,Mango,Ataulfo,"2928",13,1,Expired,0%,no
27-Apr,15,Mango,Ataulfo,"2929",14,1,Expired,0%,no
27-Apr,15,Nectarine,Chile,"2930",15,0,Expired,0%,no
27-Apr,15,Nectarine,Chile,"2931",16,1,Expired,0%,no
27-Apr,15,Nectarine,Chile,"2932",17,4,Expired,0%,no
28-Apr,16,Pear,Bartlett,"2933",9,4,Expired,0%,no
28-Apr,16,Mango,Ataulfo,"2934",12,0,Expired,0%,no
28-Apr,16,Mango,Ataulfo,"2935",13,1,Expired,0%,no
28-Apr,16,Mango,Ataulfo,"2936",14,0,Expired,0%,no
28-Apr,16,Nectarine,Chile,"2937",15,1,Expired,0%,no
28-Apr,16,Nectarine,Chile,"2938",16,1,Expired,0%,no
28-Apr,16,Nectarine,Chile,"2939",17,3,Expired,0%,no
29-Apr,17,Pear,Bartlett,"2940",9,4,Expired,0%,no
29-Apr,17,Mango,Ataulfo,"2941",12,1,Expired,0%,no
29-Apr,17,Mango,Ataulfo,"2942",13,1,Expired,0%,no
29-Apr,17,Mango,Ataulfo,"2943",14,1,Expired,0%,no
29-Apr,17,Nectarine,Chile,"2944",15,0,Expired,0%,no
29-Apr,17,Nectarine,Chile,"2945",16,1,Expired,0%,no
29-Apr,17,Nectarine,Chile,"2946",17,3,Expired,0%,no
30-Apr,18,Pear,Bartlett,"2947",9,8,Expired,0%,no
30-Apr,18,Mango,Ataulfo,"2948",12,4,Expired,0%,no
30-Apr,18,Mango,Ataulfo,"2949",13,4,Expired,0%,no
30-Apr,18,Mango,Ataulfo,"2950",14,1,Expired,0%,no
30-Apr,18,Nectarine,Chile,"2951",15,0,Expired,0%,no
30-Apr,18,Nectarine,Chile,"2952",16,4,Expired,0%,no
30-Apr,18,Nectarine,Chile,"2953",17,4,Expired,0%,no
1-May,19,Mango,Ataulfo,"2954",12,1,Expired,0%,no
1-May,19,Mango,Ataulfo,"2955",13,0,Expired,0%,no
1-May,19,Mango,Ataulfo,"2956",14,1,Expired,0%,no
1-May,19,Nectarine,Chile,"2957",15,1,Expired,0%,no
1-May,19,Nectarine,Chile,"2958",16,4,Expired,0%,no
1-May,19,Nectarine,Chile,"2959",17,3,Expired,0%,no
2-May,20,Mango,Ataulfo,"2960",12,1,Expired,0%,no
2-May,20,Mango,Ataulfo,"2961",13,1,Expired,0%,no
2-May,20,Mango,Ataulfo,"2962",14,1,Expired,0%,no
2-May,20,Nectarine,Chile,"2963",15,1,Expired,0%,no
2-May,20,Nectarine,Chile,"2964",16,4,Expired,0%,no
2-May,20,Nectarine,Chile,"2965",17,2,Expired,0%,no
3-May,21,Mango,Ataulfo,"2966",12,1,Expired,0%,no
3-May,21,Mango,Ataulfo,"2967",13,2,Expired,0%,no
3-May,21,Mango,Ataulfo,"2968",14,1,Expired,0%,no
3-May,21,Nectarine,Chile,"2969",15,1,Expired,0%,no
3-May,21,Nectarine,Chile,"2970",16,5,Expired,0%,no
3-May,21,Nectarine,Chile,"2971",17,5,Expired,0%,no
4-May,22,Mango,Ataulfo,"2972",12,1,Expired,0%,no
4-May,22,Mango,Ataulfo,"2973",13,3,Expired,0%,no
4-May,22,Mango,Ataulfo,"2974",14,1,Expired,0%,no
4-May,22,Nectarine,Chile,"2975",15,4,Expired,0%,no
4-May,22,Nectarine,Chile,"2976",16,8,Expired,0%,no
4-May,22,Nectarine,Chile,"2977",17,6,Expired,0%,no
5-May,23,Mango,Ataulfo,"2978",12,3,Expired,0%,no
5-May,23,Mango,Ataulfo,"2979",13,3,Expired,0%,no
5-May,23,Mango,Ataulfo,"2980",14,1,Expired,0%,no
5-May,23,Nectarine,Chile,"2981",15,4,Expired,0%,no
5-May,23,Nectarine,Chile,"2982",16,4,Expired,0%,no
5-May,23,Nectarine,Chile,"2983",17,8,Expired,0%,no
6-May,24,Mango,Ataulfo,"2984",12,4,Expired,0%,no
6-May,24,Mango,Ataulfo,"2985",13,4,Expired,0%,no
6-May,24,Mango,Ataulfo,"2986",14,8,Expired,0%,no